{
    "list":
    [
     {
     "name":"name1",
     "age":10,
     "number":1,
     "recommend":70,
     "manox":true
     },
     {
     "name":"name2",
     "age":50,
     "number":2,
     "recommend":60,
     "manox":false
     },
     {
     "name":"name3",
     "age":30,
     "number":3,
     "score":50,
     "manox":false
     },
     {
     "name":"name4",
     "age":25,
     "number":4,
     "score":50,
     "manox":true
     },
     {
     "name":"name5",
     "age":28,
     "number":5,
     "score":100,
     "manox":true
     }
     ]
    
}