<?xml version="1.0" encoding="UTF-8"?>
<list>
    <item num="1">
        <name>albert1</name>
        <age>21</age>
        <manox>true</manox>
    </item>
    <item num="2">
        <name>albert2</name>
        <age>22</age>
        <manox>false</manox>
    </item>
    <item num="3">
        <name>albert3</name>
        <age>23</age>
        <manox>true</manox>
    </item>
    <item num="4">
        <name>albert4</name>
        <age>24</age>
        <manox>false</manox>
    </item>
    <item num="5">
        <name>albert5</name>
        <age>25</age>
        <manox>true</manox>
    </item>
</list>
