<?xml version="1.0" encoding="utf-8"?>
<menus><menu><id>1</id><plugin_no></plugin_no><skin_no></skin_no><board_name></board_name><board_name_en></board_name_en><board_perm></board_perm><category_word></category_word><top_use></top_use><bottom_use></bottom_use><header_html></header_html><footer_html></footer_html><header></header><footer></footer><board_detail_setting></board_detail_setting><load_config></load_config><admin_no>21</admin_no><name>다운로드</name><name_en>download</name_en><contents></contents><connect_type></connect_type><connect_type_contents></connect_type_contents><connect_html></connect_html><connect_link></connect_link><connect_plugin_no>0</connect_plugin_no><connect_board_no>0</connect_board_no><connect_layout_type>SM_NO</connect_layout_type><connect_layout>33</connect_layout><enable>Y</enable><permission>3</permission><detail_setting></detail_setting><module_name></module_name><module_type></module_type><module_directory></module_directory><default_skin_no></default_skin_no><detail_xml></detail_xml><skin_directory></skin_directory><skin_options></skin_options><parent_name_en></parent_name_en></menu><menu><id>2</id><plugin_no>43</plugin_no><skin_no>67</skin_no><board_name>플러그인</board_name><board_name_en>introdution-1</board_name_en><board_perm>1|1|1|1</board_perm><category_word></category_word><top_use></top_use><bottom_use></bottom_use><header_html></header_html><footer_html></footer_html><header></header><footer></footer><board_detail_setting>a:6:{s:8:"list_set";a:15:{s:12:"listview_cnt";s:2:"20";s:11:"subject_cnt";s:2:"30";s:8:"new_icon";s:1:"Y";s:8:"new_time";s:2:"24";s:14:"view_cnt_block";s:1:"Y";s:8:"view_cnt";s:3:"200";s:11:"recomm_icon";s:0:"";s:10:"recomm_cnt";s:0:"";s:12:"bubble_title";s:0:"";s:10:"bubble_cnt";s:0:"";s:14:"view_recommend";N;s:10:"view_count";s:1:"Y";s:11:"view_secret";N;s:11:"view_fixing";s:1:"Y";s:9:"view_move";N;}s:9:"write_set";a:8:{s:8:"img_size";s:3:"640";s:6:"c_file";s:1:"Y";s:5:"c_rss";N;s:9:"c_captcha";N;s:7:"c_popup";N;s:8:"c_author";N;s:8:"c_writer";N;s:5:"c_url";N;}s:8:"read_set";a:13:{s:13:"c_writer_icon";N;s:10:"c_reg_date";s:1:"Y";s:4:"c_ip";N;s:6:"c_font";N;s:7:"c_mouse";N;s:6:"c_ctrl";N;s:7:"c_scrap";N;s:7:"c_reply";s:1:"Y";s:19:"c_reply_writer_icon";N;s:16:"c_reply_reg_date";s:1:"Y";s:10:"c_reply_ip";N;s:15:"view_bottom_nav";s:1:"Y";s:3:"low";s:1:"D";}s:11:"summary_set";a:3:{s:12:"summary_word";N;s:16:"summary_word_use";N;s:6:"s_word";N;}s:11:"include_set";a:8:{s:8:"top_size";s:0:"";s:9:"top_width";s:0:"";s:10:"top_height";s:0:"";s:10:"topcontent";s:0:"";s:11:"bottom_size";s:0:"";s:12:"bottom_width";s:0:"";s:13:"bottom_height";s:0:"";s:14:"bottom_content";s:0:"";}s:14:"board_type_etc";a:4:{s:9:"adult_use";s:0:"";s:10:"adult_only";s:0:"";s:9:"album_use";s:0:"";s:10:"album_only";s:0:"";}}</board_detail_setting><load_config></load_config><admin_no>21</admin_no><name>플러그인</name><name_en>plugin</name_en><contents></contents><connect_type>B</connect_type><connect_type_contents>webzine</connect_type_contents><connect_html>a:4:{s:8:"img_size";s:3:"640";s:10:"copy_check";N;s:11:"print_check";N;s:9:"file_name";s:28:"html_2_84_20091112114835.htm";}</connect_html><connect_link></connect_link><connect_plugin_no>43</connect_plugin_no><connect_board_no>100</connect_board_no><connect_layout_type>SS</connect_layout_type><connect_layout></connect_layout><enable>Y</enable><permission>1</permission><detail_setting></detail_setting><module_name>기본게시판</module_name><module_type>plugin</module_type><module_directory>board</module_directory><default_skin_no>65</default_skin_no><detail_xml>a:11:{s:11:"module_name";s:15:"기본게시판";s:6:"author";s:29:"홍길동애비 papa@hong.com";s:11:"description";s:20:"CMS 기본 게시판";s:4:"icon";s:24:"include/images/thumb.jpg";s:4:"date";s:10:"2009.05.02";s:11:"is_frontend";s:1:"1";s:10:"is_backend";s:1:"0";s:12:"default_skin";s:7:"default";s:11:"controllers";a:1:{s:7:"general";a:2:{s:4:"name";s:7:"general";s:7:"methods";a:6:{i:0;s:5:"index";i:1;s:4:"list";i:2;s:4:"edit";i:3;s:6:"delete";i:4;s:4:"view";i:5;s:5:"write";}}}s:7:"version";d:0.200000000000000011102230246251565404236316680908203125;s:15:"controller_name";s:5:"board";}</detail_xml><skin_directory>webzine</skin_directory><skin_options>a:11:{s:4:"name";s:15:"갤러리스킨";s:6:"author";s:9:"홍길동";s:4:"date";s:10:"2009.05.02";s:11:"description";s:37:"CMS 웹진 게시판 스킨입니다.";s:4:"icon";s:16:"images/thumb.jpg";s:9:"dependent";s:5:"board";s:8:"location";s:0:"";s:4:"type";s:5:"ss,se";s:5:"width";s:4:"1000";s:7:"version";d:1;s:11:"controllers";a:0:{}}</skin_options><parent_name_en>download</parent_name_en></menu><menu><id>3</id><plugin_no></plugin_no><skin_no></skin_no><board_name></board_name><board_name_en></board_name_en><board_perm></board_perm><category_word></category_word><top_use></top_use><bottom_use></bottom_use><header_html></header_html><footer_html></footer_html><header></header><footer></footer><board_detail_setting></board_detail_setting><load_config></load_config><admin_no>21</admin_no><name>Aboutwebmaker3</name><name_en>aboutwebmaker3</name_en><contents></contents><connect_type></connect_type><connect_type_contents></connect_type_contents><connect_html></connect_html><connect_link></connect_link><connect_plugin_no>0</connect_plugin_no><connect_board_no>0</connect_board_no><connect_layout_type>SM_NO</connect_layout_type><connect_layout>7</connect_layout><enable>Y</enable><permission>1</permission><detail_setting></detail_setting><module_name></module_name><module_type></module_type><module_directory></module_directory><default_skin_no></default_skin_no><detail_xml></detail_xml><skin_directory></skin_directory><skin_options></skin_options><parent_name_en></parent_name_en></menu><menu><id>4</id><plugin_no>43</plugin_no><skin_no>67</skin_no><board_name>레이아웃</board_name><board_name_en>layout-1</board_name_en><board_perm>1|1|1|1</board_perm><category_word></category_word><top_use></top_use><bottom_use></bottom_use><header_html></header_html><footer_html></footer_html><header></header><footer></footer><board_detail_setting>a:6:{s:8:"list_set";a:15:{s:12:"listview_cnt";s:2:"20";s:11:"subject_cnt";s:2:"30";s:8:"new_icon";s:1:"Y";s:8:"new_time";s:2:"24";s:14:"view_cnt_block";s:1:"Y";s:8:"view_cnt";s:3:"200";s:11:"recomm_icon";s:0:"";s:10:"recomm_cnt";s:0:"";s:12:"bubble_title";s:0:"";s:10:"bubble_cnt";s:0:"";s:14:"view_recommend";N;s:10:"view_count";s:1:"Y";s:11:"view_secret";N;s:11:"view_fixing";s:1:"Y";s:9:"view_move";N;}s:9:"write_set";a:8:{s:8:"img_size";s:3:"640";s:6:"c_file";s:1:"Y";s:5:"c_rss";N;s:9:"c_captcha";N;s:7:"c_popup";N;s:8:"c_author";N;s:8:"c_writer";N;s:5:"c_url";N;}s:8:"read_set";a:13:{s:13:"c_writer_icon";N;s:10:"c_reg_date";s:1:"Y";s:4:"c_ip";N;s:6:"c_font";N;s:7:"c_mouse";N;s:6:"c_ctrl";N;s:7:"c_scrap";N;s:7:"c_reply";s:1:"Y";s:19:"c_reply_writer_icon";N;s:16:"c_reply_reg_date";s:1:"Y";s:10:"c_reply_ip";N;s:15:"view_bottom_nav";s:1:"Y";s:3:"low";s:1:"D";}s:11:"summary_set";a:3:{s:12:"summary_word";N;s:16:"summary_word_use";N;s:6:"s_word";N;}s:11:"include_set";a:8:{s:8:"top_size";s:0:"";s:9:"top_width";s:0:"";s:10:"top_height";s:0:"";s:10:"topcontent";s:0:"";s:11:"bottom_size";s:0:"";s:12:"bottom_width";s:0:"";s:13:"bottom_height";s:0:"";s:14:"bottom_content";s:0:"";}s:14:"board_type_etc";a:4:{s:9:"adult_use";s:0:"";s:10:"adult_only";s:0:"";s:9:"album_use";s:0:"";s:10:"album_only";s:0:"";}}</board_detail_setting><load_config></load_config><admin_no>21</admin_no><name>레이아웃</name><name_en>layout</name_en><contents></contents><connect_type>B</connect_type><connect_type_contents>webzine</connect_type_contents><connect_html>a:4:{s:8:"img_size";s:3:"600";s:10:"copy_check";N;s:11:"print_check";N;s:9:"file_name";s:28:"html_4_77_20090818180214.htm";}</connect_html><connect_link></connect_link><connect_plugin_no>43</connect_plugin_no><connect_board_no>101</connect_board_no><connect_layout_type>SS</connect_layout_type><connect_layout></connect_layout><enable>Y</enable><permission>1</permission><detail_setting></detail_setting><module_name>기본게시판</module_name><module_type>plugin</module_type><module_directory>board</module_directory><default_skin_no>65</default_skin_no><detail_xml>a:11:{s:11:"module_name";s:15:"기본게시판";s:6:"author";s:29:"홍길동애비 papa@hong.com";s:11:"description";s:20:"CMS 기본 게시판";s:4:"icon";s:24:"include/images/thumb.jpg";s:4:"date";s:10:"2009.05.02";s:11:"is_frontend";s:1:"1";s:10:"is_backend";s:1:"0";s:12:"default_skin";s:7:"default";s:11:"controllers";a:1:{s:7:"general";a:2:{s:4:"name";s:7:"general";s:7:"methods";a:6:{i:0;s:5:"index";i:1;s:4:"list";i:2;s:4:"edit";i:3;s:6:"delete";i:4;s:4:"view";i:5;s:5:"write";}}}s:7:"version";d:0.200000000000000011102230246251565404236316680908203125;s:15:"controller_name";s:5:"board";}</detail_xml><skin_directory>webzine</skin_directory><skin_options>a:11:{s:4:"name";s:15:"갤러리스킨";s:6:"author";s:9:"홍길동";s:4:"date";s:10:"2009.05.02";s:11:"description";s:37:"CMS 웹진 게시판 스킨입니다.";s:4:"icon";s:16:"images/thumb.jpg";s:9:"dependent";s:5:"board";s:8:"location";s:0:"";s:4:"type";s:5:"ss,se";s:5:"width";s:4:"1000";s:7:"version";d:1;s:11:"controllers";a:0:{}}</skin_options><parent_name_en>download</parent_name_en></menu><menu><id>5</id><plugin_no>43</plugin_no><skin_no>67</skin_no><board_name>스킨</board_name><board_name_en>skin-1</board_name_en><board_perm>1|1|1|1</board_perm><category_word></category_word><top_use></top_use><bottom_use></bottom_use><header_html></header_html><footer_html></footer_html><header></header><footer></footer><board_detail_setting>a:6:{s:8:"list_set";a:15:{s:12:"listview_cnt";s:2:"20";s:11:"subject_cnt";s:2:"30";s:8:"new_icon";s:1:"Y";s:8:"new_time";s:2:"24";s:14:"view_cnt_block";s:1:"Y";s:8:"view_cnt";s:3:"200";s:11:"recomm_icon";s:0:"";s:10:"recomm_cnt";s:0:"";s:12:"bubble_title";s:0:"";s:10:"bubble_cnt";s:0:"";s:14:"view_recommend";N;s:10:"view_count";s:1:"Y";s:11:"view_secret";N;s:11:"view_fixing";s:1:"Y";s:9:"view_move";N;}s:9:"write_set";a:8:{s:8:"img_size";s:3:"640";s:6:"c_file";s:1:"Y";s:5:"c_rss";N;s:9:"c_captcha";N;s:7:"c_popup";N;s:8:"c_author";N;s:8:"c_writer";N;s:5:"c_url";N;}s:8:"read_set";a:13:{s:13:"c_writer_icon";N;s:10:"c_reg_date";s:1:"Y";s:4:"c_ip";N;s:6:"c_font";N;s:7:"c_mouse";N;s:6:"c_ctrl";N;s:7:"c_scrap";N;s:7:"c_reply";s:1:"Y";s:19:"c_reply_writer_icon";N;s:16:"c_reply_reg_date";s:1:"Y";s:10:"c_reply_ip";N;s:15:"view_bottom_nav";s:1:"Y";s:3:"low";s:1:"D";}s:11:"summary_set";a:3:{s:12:"summary_word";N;s:16:"summary_word_use";N;s:6:"s_word";N;}s:11:"include_set";a:8:{s:8:"top_size";s:0:"";s:9:"top_width";s:0:"";s:10:"top_height";s:0:"";s:10:"topcontent";s:0:"";s:11:"bottom_size";s:0:"";s:12:"bottom_width";s:0:"";s:13:"bottom_height";s:0:"";s:14:"bottom_content";s:0:"";}s:14:"board_type_etc";a:4:{s:9:"adult_use";s:0:"";s:10:"adult_only";s:0:"";s:9:"album_use";s:0:"";s:10:"album_only";s:0:"";}}</board_detail_setting><load_config></load_config><admin_no>21</admin_no><name>스킨</name><name_en>skin</name_en><contents></contents><connect_type>B</connect_type><connect_type_contents>webzine</connect_type_contents><connect_html></connect_html><connect_link></connect_link><connect_plugin_no>43</connect_plugin_no><connect_board_no>102</connect_board_no><connect_layout_type>SS</connect_layout_type><connect_layout></connect_layout><enable>Y</enable><permission>1</permission><detail_setting></detail_setting><module_name>기본게시판</module_name><module_type>plugin</module_type><module_directory>board</module_directory><default_skin_no>65</default_skin_no><detail_xml>a:11:{s:11:"module_name";s:15:"기본게시판";s:6:"author";s:29:"홍길동애비 papa@hong.com";s:11:"description";s:20:"CMS 기본 게시판";s:4:"icon";s:24:"include/images/thumb.jpg";s:4:"date";s:10:"2009.05.02";s:11:"is_frontend";s:1:"1";s:10:"is_backend";s:1:"0";s:12:"default_skin";s:7:"default";s:11:"controllers";a:1:{s:7:"general";a:2:{s:4:"name";s:7:"general";s:7:"methods";a:6:{i:0;s:5:"index";i:1;s:4:"list";i:2;s:4:"edit";i:3;s:6:"delete";i:4;s:4:"view";i:5;s:5:"write";}}}s:7:"version";d:0.200000000000000011102230246251565404236316680908203125;s:15:"controller_name";s:5:"board";}</detail_xml><skin_directory>webzine</skin_directory><skin_options>a:11:{s:4:"name";s:15:"갤러리스킨";s:6:"author";s:9:"홍길동";s:4:"date";s:10:"2009.05.02";s:11:"description";s:37:"CMS 웹진 게시판 스킨입니다.";s:4:"icon";s:16:"images/thumb.jpg";s:9:"dependent";s:5:"board";s:8:"location";s:0:"";s:4:"type";s:5:"ss,se";s:5:"width";s:4:"1000";s:7:"version";d:1;s:11:"controllers";a:0:{}}</skin_options><parent_name_en>download</parent_name_en></menu><menu><id>308</id><plugin_no></plugin_no><skin_no></skin_no><board_name></board_name><board_name_en></board_name_en><board_perm></board_perm><category_word></category_word><top_use></top_use><bottom_use></bottom_use><header_html></header_html><footer_html></footer_html><header></header><footer></footer><board_detail_setting></board_detail_setting><load_config></load_config><admin_no>21</admin_no><name>고객센터</name><name_en>information</name_en><contents></contents><connect_type></connect_type><connect_type_contents></connect_type_contents><connect_html></connect_html><connect_link></connect_link><connect_plugin_no>0</connect_plugin_no><connect_board_no>0</connect_board_no><connect_layout_type>SM_NO</connect_layout_type><connect_layout>309</connect_layout><enable>Y</enable><permission>1</permission><detail_setting></detail_setting><module_name></module_name><module_type></module_type><module_directory></module_directory><default_skin_no></default_skin_no><detail_xml></detail_xml><skin_directory></skin_directory><skin_options></skin_options><parent_name_en></parent_name_en></menu><menu><id>309</id><plugin_no>43</plugin_no><skin_no>65</skin_no><board_name>공지사항</board_name><board_name_en>notice-1</board_name_en><board_perm>1|1|1|1</board_perm><category_word></category_word><top_use></top_use><bottom_use></bottom_use><header_html></header_html><footer_html></footer_html><header></header><footer></footer><board_detail_setting>a:6:{s:8:"list_set";a:15:{s:12:"listview_cnt";s:2:"20";s:11:"subject_cnt";s:2:"30";s:8:"new_icon";s:1:"Y";s:8:"new_time";s:2:"24";s:14:"view_cnt_block";s:1:"Y";s:8:"view_cnt";s:3:"200";s:11:"recomm_icon";s:0:"";s:10:"recomm_cnt";s:0:"";s:12:"bubble_title";s:0:"";s:10:"bubble_cnt";s:0:"";s:14:"view_recommend";N;s:10:"view_count";s:1:"Y";s:11:"view_secret";N;s:11:"view_fixing";s:1:"Y";s:9:"view_move";N;}s:9:"write_set";a:8:{s:8:"img_size";s:3:"640";s:6:"c_file";s:1:"Y";s:5:"c_rss";N;s:9:"c_captcha";N;s:7:"c_popup";N;s:8:"c_author";N;s:8:"c_writer";N;s:5:"c_url";N;}s:8:"read_set";a:13:{s:13:"c_writer_icon";N;s:10:"c_reg_date";s:1:"Y";s:4:"c_ip";N;s:6:"c_font";N;s:7:"c_mouse";N;s:6:"c_ctrl";N;s:7:"c_scrap";N;s:7:"c_reply";s:1:"Y";s:19:"c_reply_writer_icon";N;s:16:"c_reply_reg_date";s:1:"Y";s:10:"c_reply_ip";N;s:15:"view_bottom_nav";s:1:"Y";s:3:"low";s:1:"D";}s:11:"summary_set";a:3:{s:12:"summary_word";N;s:16:"summary_word_use";N;s:6:"s_word";N;}s:11:"include_set";a:8:{s:8:"top_size";s:0:"";s:9:"top_width";s:0:"";s:10:"top_height";s:0:"";s:10:"topcontent";s:0:"";s:11:"bottom_size";s:0:"";s:12:"bottom_width";s:0:"";s:13:"bottom_height";s:0:"";s:14:"bottom_content";s:0:"";}s:14:"board_type_etc";a:4:{s:9:"adult_use";s:0:"";s:10:"adult_only";s:0:"";s:9:"album_use";s:0:"";s:10:"album_only";s:0:"";}}</board_detail_setting><load_config></load_config><admin_no>21</admin_no><name>공지사항</name><name_en>notice</name_en><contents></contents><connect_type>B</connect_type><connect_type_contents>default</connect_type_contents><connect_html></connect_html><connect_link></connect_link><connect_plugin_no>43</connect_plugin_no><connect_board_no>107</connect_board_no><connect_layout_type>SS</connect_layout_type><connect_layout></connect_layout><enable>Y</enable><permission>1</permission><detail_setting></detail_setting><module_name>기본게시판</module_name><module_type>plugin</module_type><module_directory>board</module_directory><default_skin_no>65</default_skin_no><detail_xml>a:11:{s:11:"module_name";s:15:"기본게시판";s:6:"author";s:29:"홍길동애비 papa@hong.com";s:11:"description";s:20:"CMS 기본 게시판";s:4:"icon";s:24:"include/images/thumb.jpg";s:4:"date";s:10:"2009.05.02";s:11:"is_frontend";s:1:"1";s:10:"is_backend";s:1:"0";s:12:"default_skin";s:7:"default";s:11:"controllers";a:1:{s:7:"general";a:2:{s:4:"name";s:7:"general";s:7:"methods";a:6:{i:0;s:5:"index";i:1;s:4:"list";i:2;s:4:"edit";i:3;s:6:"delete";i:4;s:4:"view";i:5;s:5:"write";}}}s:7:"version";d:0.200000000000000011102230246251565404236316680908203125;s:15:"controller_name";s:5:"board";}</detail_xml><skin_directory>default</skin_directory><skin_options>a:11:{s:4:"name";s:15:"리스트스킨";s:6:"author";s:9:"홍길동";s:4:"date";s:10:"2009.05.02";s:11:"description";s:30:"CMS 게시판 스킨입니다.";s:4:"icon";s:16:"images/thumb.jpg";s:9:"dependent";s:5:"board";s:8:"location";s:0:"";s:4:"type";s:5:"ss,se";s:5:"width";s:4:"1000";s:7:"version";d:1;s:11:"controllers";a:0:{}}</skin_options><parent_name_en>information</parent_name_en></menu><menu><id>7</id><plugin_no>43</plugin_no><skin_no>67</skin_no><board_name>학원통합관리솔루션</board_name><board_name_en>product2-1</board_name_en><board_perm>1|1|1|1</board_perm><category_word>질문|일반</category_word><top_use>file</top_use><bottom_use>N</bottom_use><header_html></header_html><footer_html></footer_html><header>&lt;p&gt;&lt;strong&gt;&lt;span style="color: #0000ff"&gt;학원통합관리솔루션&lt;/span&gt;&lt;/strong&gt;&lt;/p&gt;</header><footer></footer><board_detail_setting>a:4:{s:8:"list_set";a:15:{s:12:"listview_cnt";s:2:"10";s:11:"subject_cnt";s:2:"25";s:8:"new_icon";s:1:"Y";s:8:"new_time";s:2:"24";s:14:"view_cnt_block";s:1:"Y";s:8:"view_cnt";s:3:"100";s:11:"recomm_icon";s:1:"N";s:10:"recomm_cnt";s:0:"";s:12:"bubble_title";s:1:"Y";s:10:"bubble_cnt";s:1:"0";s:14:"view_recommend";s:1:"N";s:10:"view_count";s:1:"Y";s:11:"view_secret";s:1:"N";s:11:"view_fixing";s:1:"N";s:9:"view_move";s:1:"N";}s:9:"write_set";a:8:{s:8:"img_size";s:3:"570";s:6:"c_file";s:1:"Y";s:5:"c_rss";s:1:"Y";s:9:"c_captcha";s:1:"N";s:7:"c_popup";s:1:"N";s:8:"c_author";s:1:"N";s:8:"c_writer";s:1:"Y";s:5:"c_url";s:1:"N";}s:8:"read_set";a:13:{s:13:"c_writer_icon";s:1:"N";s:10:"c_reg_date";s:1:"Y";s:4:"c_ip";s:1:"Y";s:6:"c_font";s:1:"Y";s:7:"c_mouse";s:1:"Y";s:6:"c_ctrl";s:1:"Y";s:7:"c_scrap";s:1:"N";s:7:"c_reply";s:1:"Y";s:19:"c_reply_writer_icon";s:1:"N";s:16:"c_reply_reg_date";s:1:"N";s:10:"c_reply_ip";s:1:"N";s:15:"view_bottom_nav";s:1:"Y";s:3:"low";s:1:"D";}s:11:"summary_set";a:3:{s:12:"summary_word";N;s:16:"summary_word_use";s:1:"A";s:6:"s_word";s:13:"질문|일반";}}</board_detail_setting><load_config></load_config><admin_no>21</admin_no><name>웹메이커3 소개</name><name_en>webmaker3_info</name_en><contents></contents><connect_type>H</connect_type><connect_type_contents>webzine</connect_type_contents><connect_html>a:4:{s:8:"img_size";s:3:"747";s:10:"copy_check";N;s:11:"print_check";N;s:9:"file_name";s:28:"html_7_12_20100115105047.htm";}</connect_html><connect_link></connect_link><connect_plugin_no>388</connect_plugin_no><connect_board_no>2</connect_board_no><connect_layout_type>SS</connect_layout_type><connect_layout></connect_layout><enable>Y</enable><permission>1</permission><detail_setting></detail_setting><module_name>email_form</module_name><module_type>plugin</module_type><module_directory>email_form</module_directory><default_skin_no>742</default_skin_no><detail_xml>a:11:{s:11:"module_name";s:28:"이메일발송 플러그인";s:6:"author";s:27:"변종원 blumine@gmail.com";s:11:"description";s:88:"사업제휴 등 고객이 회사담당자에게 제휴나 문의등의 이메일 발송";s:4:"icon";s:9:"thumb.jpg";s:4:"date";s:10:"2009.10.20";s:11:"is_frontend";s:1:"1";s:10:"is_backend";s:1:"0";s:12:"default_skin";s:7:"default";s:7:"version";d:0.1000000000000000055511151231257827021181583404541015625;s:11:"controllers";a:0:{}s:15:"controller_name";s:10:"email_form";}</detail_xml><skin_directory>webzine</skin_directory><skin_options>a:11:{s:4:"name";s:15:"갤러리스킨";s:6:"author";s:9:"홍길동";s:4:"date";s:10:"2009.05.02";s:11:"description";s:37:"CMS 웹진 게시판 스킨입니다.";s:4:"icon";s:16:"images/thumb.jpg";s:9:"dependent";s:5:"board";s:8:"location";s:0:"";s:4:"type";s:5:"ss,se";s:5:"width";s:4:"1000";s:7:"version";d:1;s:11:"controllers";a:0:{}}</skin_options><parent_name_en>aboutwebmaker3</parent_name_en></menu><menu><id>8</id><plugin_no></plugin_no><skin_no></skin_no><board_name></board_name><board_name_en></board_name_en><board_perm></board_perm><category_word></category_word><top_use></top_use><bottom_use></bottom_use><header_html></header_html><footer_html></footer_html><header></header><footer></footer><board_detail_setting></board_detail_setting><load_config></load_config><admin_no>21</admin_no><name>인증센터</name><name_en>auth_center</name_en><contents></contents><connect_type></connect_type><connect_type_contents></connect_type_contents><connect_html></connect_html><connect_link></connect_link><connect_plugin_no>0</connect_plugin_no><connect_board_no>0</connect_board_no><connect_layout_type>SM_NO</connect_layout_type><connect_layout>9</connect_layout><enable>Y</enable><permission>1</permission><detail_setting></detail_setting><module_name></module_name><module_type></module_type><module_directory></module_directory><default_skin_no></default_skin_no><detail_xml></detail_xml><skin_directory></skin_directory><skin_options></skin_options><parent_name_en></parent_name_en></menu><menu><id>9</id><plugin_no></plugin_no><skin_no></skin_no><board_name></board_name><board_name_en></board_name_en><board_perm></board_perm><category_word></category_word><top_use></top_use><bottom_use></bottom_use><header_html></header_html><footer_html></footer_html><header></header><footer></footer><board_detail_setting></board_detail_setting><load_config></load_config><admin_no>21</admin_no><name>인증키발급</name><name_en>issue_key</name_en><contents></contents><connect_type>L</connect_type><connect_type_contents>default</connect_type_contents><connect_html></connect_html><connect_link>issuekey</connect_link><connect_plugin_no>0</connect_plugin_no><connect_board_no>98</connect_board_no><connect_layout_type>SS</connect_layout_type><connect_layout></connect_layout><enable>Y</enable><permission>1</permission><detail_setting></detail_setting><module_name></module_name><module_type></module_type><module_directory></module_directory><default_skin_no></default_skin_no><detail_xml></detail_xml><skin_directory></skin_directory><skin_options></skin_options><parent_name_en>auth_center</parent_name_en></menu><menu><id>33</id><plugin_no>43</plugin_no><skin_no>67</skin_no><board_name>webmaker3</board_name><board_name_en>contact-1</board_name_en><board_perm>1|1|1|1</board_perm><category_word></category_word><top_use></top_use><bottom_use></bottom_use><header_html></header_html><footer_html></footer_html><header></header><footer></footer><board_detail_setting>a:4:{s:8:"list_set";a:15:{s:12:"listview_cnt";s:2:"20";s:11:"subject_cnt";s:2:"30";s:8:"new_icon";s:1:"Y";s:8:"new_time";s:2:"24";s:14:"view_cnt_block";s:1:"Y";s:8:"view_cnt";s:3:"200";s:11:"recomm_icon";s:0:"";s:10:"recomm_cnt";s:0:"";s:12:"bubble_title";s:0:"";s:10:"bubble_cnt";s:0:"";s:14:"view_recommend";N;s:10:"view_count";s:1:"Y";s:11:"view_secret";N;s:11:"view_fixing";s:1:"Y";s:9:"view_move";N;}s:9:"write_set";a:8:{s:8:"img_size";s:3:"600";s:6:"c_file";s:1:"Y";s:5:"c_rss";s:1:"N";s:9:"c_captcha";s:1:"N";s:7:"c_popup";N;s:8:"c_author";s:1:"N";s:8:"c_writer";s:1:"N";s:5:"c_url";s:1:"N";}s:8:"read_set";a:13:{s:13:"c_writer_icon";s:1:"N";s:10:"c_reg_date";s:1:"Y";s:4:"c_ip";s:1:"N";s:6:"c_font";s:1:"N";s:7:"c_mouse";s:1:"N";s:6:"c_ctrl";s:1:"N";s:7:"c_scrap";s:1:"N";s:7:"c_reply";s:1:"Y";s:19:"c_reply_writer_icon";s:1:"N";s:16:"c_reply_reg_date";s:1:"Y";s:10:"c_reply_ip";s:1:"N";s:15:"view_bottom_nav";s:1:"Y";s:3:"low";s:1:"D";}s:11:"summary_set";a:3:{s:12:"summary_word";N;s:16:"summary_word_use";N;s:6:"s_word";N;}}</board_detail_setting><load_config></load_config><admin_no>21</admin_no><name>webmaker3</name><name_en>webmaker3</name_en><contents></contents><connect_type>B</connect_type><connect_type_contents>webzine</connect_type_contents><connect_html>a:4:{s:8:"img_size";s:3:"640";s:10:"copy_check";N;s:11:"print_check";N;s:9:"file_name";s:29:"html_33_34_20090903151141.htm";}</connect_html><connect_link></connect_link><connect_plugin_no>43</connect_plugin_no><connect_board_no>10</connect_board_no><connect_layout_type>SS</connect_layout_type><connect_layout></connect_layout><enable>Y</enable><permission>1</permission><detail_setting></detail_setting><module_name>기본게시판</module_name><module_type>plugin</module_type><module_directory>board</module_directory><default_skin_no>65</default_skin_no><detail_xml>a:11:{s:11:"module_name";s:15:"기본게시판";s:6:"author";s:29:"홍길동애비 papa@hong.com";s:11:"description";s:20:"CMS 기본 게시판";s:4:"icon";s:24:"include/images/thumb.jpg";s:4:"date";s:10:"2009.05.02";s:11:"is_frontend";s:1:"1";s:10:"is_backend";s:1:"0";s:12:"default_skin";s:7:"default";s:11:"controllers";a:1:{s:7:"general";a:2:{s:4:"name";s:7:"general";s:7:"methods";a:6:{i:0;s:5:"index";i:1;s:4:"list";i:2;s:4:"edit";i:3;s:6:"delete";i:4;s:4:"view";i:5;s:5:"write";}}}s:7:"version";d:0.200000000000000011102230246251565404236316680908203125;s:15:"controller_name";s:5:"board";}</detail_xml><skin_directory>webzine</skin_directory><skin_options>a:11:{s:4:"name";s:15:"갤러리스킨";s:6:"author";s:9:"홍길동";s:4:"date";s:10:"2009.05.02";s:11:"description";s:37:"CMS 웹진 게시판 스킨입니다.";s:4:"icon";s:16:"images/thumb.jpg";s:9:"dependent";s:5:"board";s:8:"location";s:0:"";s:4:"type";s:5:"ss,se";s:5:"width";s:4:"1000";s:7:"version";d:1;s:11:"controllers";a:0:{}}</skin_options><parent_name_en>download</parent_name_en></menu><menu><id>15</id><plugin_no>43</plugin_no><skin_no>67</skin_no><board_name>적용사이트 소개</board_name><board_name_en>product4-1</board_name_en><board_perm>1|1|1|1</board_perm><category_word></category_word><top_use>file</top_use><bottom_use>file</bottom_use><header_html></header_html><footer_html></footer_html><header>&lt;p&gt;
	&lt;img alt="" height="168" src="/data/admins/upload/ck_images/download_view.gif" width="747" /&gt;&lt;/p&gt;
&lt;br&gt;</header><footer>&lt;p&gt;
	 &lt;/p&gt;
</footer><board_detail_setting>a:4:{s:8:"list_set";a:15:{s:12:"listview_cnt";s:2:"30";s:11:"subject_cnt";s:2:"20";s:8:"new_icon";s:1:"Y";s:8:"new_time";s:2:"24";s:14:"view_cnt_block";s:1:"Y";s:8:"view_cnt";s:2:"30";s:11:"recomm_icon";s:1:"Y";s:10:"recomm_cnt";s:2:"10";s:12:"bubble_title";s:1:"Y";s:10:"bubble_cnt";s:3:"100";s:14:"view_recommend";s:1:"N";s:10:"view_count";s:1:"Y";s:11:"view_secret";s:1:"N";s:11:"view_fixing";s:1:"N";s:9:"view_move";s:1:"N";}s:9:"write_set";a:8:{s:8:"img_size";s:3:"560";s:6:"c_file";s:1:"Y";s:5:"c_rss";s:1:"N";s:9:"c_captcha";s:1:"N";s:7:"c_popup";s:1:"N";s:8:"c_author";s:1:"N";s:8:"c_writer";s:1:"N";s:5:"c_url";s:1:"N";}s:8:"read_set";a:13:{s:13:"c_writer_icon";s:1:"N";s:10:"c_reg_date";s:1:"Y";s:4:"c_ip";s:1:"Y";s:6:"c_font";s:1:"N";s:7:"c_mouse";s:1:"N";s:6:"c_ctrl";s:1:"N";s:7:"c_scrap";s:1:"N";s:7:"c_reply";s:1:"Y";s:19:"c_reply_writer_icon";s:1:"N";s:16:"c_reply_reg_date";s:1:"Y";s:10:"c_reply_ip";s:1:"N";s:15:"view_bottom_nav";s:1:"Y";s:3:"low";s:1:"D";}s:11:"summary_set";a:3:{s:12:"summary_word";N;s:16:"summary_word_use";s:1:"N";s:6:"s_word";s:0:"";}}</board_detail_setting><load_config></load_config><admin_no>21</admin_no><name>적용사이트 소개</name><name_en>webmaker3_site</name_en><contents></contents><connect_type>B</connect_type><connect_type_contents>webzine</connect_type_contents><connect_html>a:4:{s:8:"img_size";s:3:"747";s:10:"copy_check";N;s:11:"print_check";N;s:9:"file_name";s:29:"html_15_77_20100115112417.htm";}</connect_html><connect_link></connect_link><connect_plugin_no>43</connect_plugin_no><connect_board_no>4</connect_board_no><connect_layout_type>SS</connect_layout_type><connect_layout></connect_layout><enable>Y</enable><permission>1</permission><detail_setting></detail_setting><module_name>기본게시판</module_name><module_type>plugin</module_type><module_directory>board</module_directory><default_skin_no>65</default_skin_no><detail_xml>a:11:{s:11:"module_name";s:15:"기본게시판";s:6:"author";s:29:"홍길동애비 papa@hong.com";s:11:"description";s:20:"CMS 기본 게시판";s:4:"icon";s:24:"include/images/thumb.jpg";s:4:"date";s:10:"2009.05.02";s:11:"is_frontend";s:1:"1";s:10:"is_backend";s:1:"0";s:12:"default_skin";s:7:"default";s:11:"controllers";a:1:{s:7:"general";a:2:{s:4:"name";s:7:"general";s:7:"methods";a:6:{i:0;s:5:"index";i:1;s:4:"list";i:2;s:4:"edit";i:3;s:6:"delete";i:4;s:4:"view";i:5;s:5:"write";}}}s:7:"version";d:0.200000000000000011102230246251565404236316680908203125;s:15:"controller_name";s:5:"board";}</detail_xml><skin_directory>webzine</skin_directory><skin_options>a:11:{s:4:"name";s:15:"갤러리스킨";s:6:"author";s:9:"홍길동";s:4:"date";s:10:"2009.05.02";s:11:"description";s:37:"CMS 웹진 게시판 스킨입니다.";s:4:"icon";s:16:"images/thumb.jpg";s:9:"dependent";s:5:"board";s:8:"location";s:0:"";s:4:"type";s:5:"ss,se";s:5:"width";s:4:"1000";s:7:"version";d:1;s:11:"controllers";a:0:{}}</skin_options><parent_name_en>aboutwebmaker3</parent_name_en></menu><menu><id>351</id><plugin_no>43</plugin_no><skin_no>67</skin_no><board_name>위젯</board_name><board_name_en>widget-1</board_name_en><board_perm>1|1|1|1</board_perm><category_word></category_word><top_use></top_use><bottom_use></bottom_use><header_html></header_html><footer_html></footer_html><header></header><footer></footer><board_detail_setting>a:4:{s:8:"list_set";a:15:{s:12:"listview_cnt";s:2:"20";s:11:"subject_cnt";s:2:"30";s:8:"new_icon";s:1:"Y";s:8:"new_time";s:2:"24";s:14:"view_cnt_block";s:1:"Y";s:8:"view_cnt";s:3:"200";s:11:"recomm_icon";s:0:"";s:10:"recomm_cnt";s:0:"";s:12:"bubble_title";s:0:"";s:10:"bubble_cnt";s:0:"";s:14:"view_recommend";N;s:10:"view_count";s:1:"Y";s:11:"view_secret";N;s:11:"view_fixing";s:1:"Y";s:9:"view_move";N;}s:9:"write_set";a:8:{s:8:"img_size";s:3:"600";s:6:"c_file";s:1:"Y";s:5:"c_rss";s:1:"N";s:9:"c_captcha";s:1:"N";s:7:"c_popup";N;s:8:"c_author";s:1:"N";s:8:"c_writer";s:1:"N";s:5:"c_url";s:1:"N";}s:8:"read_set";a:13:{s:13:"c_writer_icon";s:1:"N";s:10:"c_reg_date";s:1:"Y";s:4:"c_ip";s:1:"N";s:6:"c_font";s:1:"N";s:7:"c_mouse";s:1:"N";s:6:"c_ctrl";s:1:"N";s:7:"c_scrap";s:1:"N";s:7:"c_reply";s:1:"Y";s:19:"c_reply_writer_icon";s:1:"N";s:16:"c_reply_reg_date";s:1:"Y";s:10:"c_reply_ip";s:1:"N";s:15:"view_bottom_nav";s:1:"Y";s:3:"low";s:1:"D";}s:11:"summary_set";a:3:{s:12:"summary_word";N;s:16:"summary_word_use";N;s:6:"s_word";N;}}</board_detail_setting><load_config></load_config><admin_no>21</admin_no><name>위젯</name><name_en>widget</name_en><contents></contents><connect_type>B</connect_type><connect_type_contents>webzine</connect_type_contents><connect_html></connect_html><connect_link></connect_link><connect_plugin_no>43</connect_plugin_no><connect_board_no>103</connect_board_no><connect_layout_type>SS</connect_layout_type><connect_layout></connect_layout><enable>Y</enable><permission></permission><detail_setting></detail_setting><module_name>기본게시판</module_name><module_type>plugin</module_type><module_directory>board</module_directory><default_skin_no>65</default_skin_no><detail_xml>a:11:{s:11:"module_name";s:15:"기본게시판";s:6:"author";s:29:"홍길동애비 papa@hong.com";s:11:"description";s:20:"CMS 기본 게시판";s:4:"icon";s:24:"include/images/thumb.jpg";s:4:"date";s:10:"2009.05.02";s:11:"is_frontend";s:1:"1";s:10:"is_backend";s:1:"0";s:12:"default_skin";s:7:"default";s:11:"controllers";a:1:{s:7:"general";a:2:{s:4:"name";s:7:"general";s:7:"methods";a:6:{i:0;s:5:"index";i:1;s:4:"list";i:2;s:4:"edit";i:3;s:6:"delete";i:4;s:4:"view";i:5;s:5:"write";}}}s:7:"version";d:0.200000000000000011102230246251565404236316680908203125;s:15:"controller_name";s:5:"board";}</detail_xml><skin_directory>webzine</skin_directory><skin_options>a:11:{s:4:"name";s:15:"갤러리스킨";s:6:"author";s:9:"홍길동";s:4:"date";s:10:"2009.05.02";s:11:"description";s:37:"CMS 웹진 게시판 스킨입니다.";s:4:"icon";s:16:"images/thumb.jpg";s:9:"dependent";s:5:"board";s:8:"location";s:0:"";s:4:"type";s:5:"ss,se";s:5:"width";s:4:"1000";s:7:"version";d:1;s:11:"controllers";a:0:{}}</skin_options><parent_name_en>download</parent_name_en></menu><menu><id>30</id><plugin_no></plugin_no><skin_no></skin_no><board_name></board_name><board_name_en></board_name_en><board_perm></board_perm><category_word></category_word><top_use></top_use><bottom_use></bottom_use><header_html></header_html><footer_html></footer_html><header></header><footer></footer><board_detail_setting></board_detail_setting><load_config></load_config><admin_no>21</admin_no><name>회원가입</name><name_en>members_join</name_en><contents></contents><connect_type>P</connect_type><connect_type_contents></connect_type_contents><connect_html></connect_html><connect_link></connect_link><connect_plugin_no>42</connect_plugin_no><connect_board_no>0</connect_board_no><connect_layout_type>SS</connect_layout_type><connect_layout></connect_layout><enable>Y</enable><permission>1</permission><detail_setting></detail_setting><module_name>기본회원</module_name><module_type>plugin</module_type><module_directory>members</module_directory><default_skin_no>63</default_skin_no><detail_xml>a:15:{s:11:"module_name";s:12:"기본회원";s:6:"author";s:28:"양승현 alvajini@gmail.com";s:11:"description";s:23:"CMS 회원 플러그인";s:4:"icon";s:24:"include/images/thumb.jpg";s:4:"date";s:10:"2009.07.08";s:11:"is_frontend";s:1:"1";s:10:"is_backend";s:1:"1";s:12:"default_skin";s:7:"default";s:11:"controllers";a:1:{s:5:"admin";a:2:{s:4:"name";s:5:"admin";s:7:"methods";a:1:{i:0;s:11:"admin_setup";}}}s:7:"configs";a:17:{s:7:"user_id";a:2:{s:3:"use";s:1:"Y";s:7:"require";s:1:"Y";}s:8:"password";a:2:{s:3:"use";s:1:"Y";s:7:"require";s:1:"Y";}s:5:"jumin";a:2:{s:3:"use";s:0:"";s:7:"require";s:0:"";}s:4:"name";a:2:{s:3:"use";s:1:"Y";s:7:"require";s:1:"Y";}s:5:"email";a:2:{s:3:"use";s:1:"Y";s:7:"require";s:1:"Y";}s:3:"tel";a:2:{s:3:"use";s:1:"Y";s:7:"require";s:1:"Y";}s:2:"hp";a:2:{s:3:"use";s:1:"Y";s:7:"require";s:1:"Y";}s:8:"nickname";a:2:{s:3:"use";s:1:"Y";s:7:"require";s:1:"Y";}s:8:"homepage";a:2:{s:3:"use";s:1:"Y";s:7:"require";s:1:"Y";}s:13:"allow_mailing";a:2:{s:3:"use";s:1:"Y";s:7:"require";s:1:"Y";}s:13:"allow_message";a:2:{s:3:"use";s:1:"Y";s:7:"require";s:1:"Y";}s:8:"birthday";a:2:{s:3:"use";s:1:"Y";s:7:"require";s:1:"Y";}s:9:"signature";a:2:{s:3:"use";s:1:"Y";s:7:"require";s:1:"Y";}s:7:"address";a:2:{s:3:"use";s:1:"Y";s:7:"require";s:1:"Y";}s:11:"open_fields";a:2:{s:3:"use";s:1:"Y";s:7:"require";s:1:"Y";}s:7:"captcha";a:2:{s:3:"use";s:1:"Y";s:7:"require";s:1:"Y";}s:3:"sex";a:2:{s:3:"use";s:0:"";s:7:"require";s:0:"";}}s:11:"add_configs";a:1:{s:1:"a";a:4:{s:3:"use";b:0;s:7:"require";b:0;s:8:"kor_name";s:1:"a";s:4:"type";s:4:"text";}}s:11:"rest_config";s:3:"365";s:12:"leave_config";s:2:"15";s:7:"version";d:0.1000000000000000055511151231257827021181583404541015625;s:15:"controller_name";s:7:"members";}</detail_xml><skin_directory></skin_directory><skin_options></skin_options><parent_name_en>members</parent_name_en></menu><menu><id>21</id><plugin_no></plugin_no><skin_no></skin_no><board_name></board_name><board_name_en></board_name_en><board_perm></board_perm><category_word></category_word><top_use></top_use><bottom_use></bottom_use><header_html></header_html><footer_html></footer_html><header></header><footer></footer><board_detail_setting></board_detail_setting><load_config></load_config><admin_no>21</admin_no><name>good boy</name><name_en></name_en><contents></contents><connect_type></connect_type><connect_type_contents></connect_type_contents><connect_html></connect_html><connect_link></connect_link><connect_plugin_no>0</connect_plugin_no><connect_board_no>0</connect_board_no><connect_layout_type></connect_layout_type><connect_layout></connect_layout><enable>Y</enable><permission></permission><detail_setting></detail_setting><module_name></module_name><module_type></module_type><module_directory></module_directory><default_skin_no></default_skin_no><detail_xml></detail_xml><skin_directory></skin_directory><skin_options></skin_options><parent_name_en></parent_name_en></menu><menu><id>22</id><plugin_no></plugin_no><skin_no></skin_no><board_name></board_name><board_name_en></board_name_en><board_perm></board_perm><category_word></category_word><top_use></top_use><bottom_use></bottom_use><header_html></header_html><footer_html></footer_html><header></header><footer></footer><board_detail_setting></board_detail_setting><load_config></load_config><admin_no>21</admin_no><name>bad boy</name><name_en></name_en><contents></contents><connect_type></connect_type><connect_type_contents></connect_type_contents><connect_html></connect_html><connect_link></connect_link><connect_plugin_no>0</connect_plugin_no><connect_board_no>0</connect_board_no><connect_layout_type></connect_layout_type><connect_layout></connect_layout><enable>Y</enable><permission></permission><detail_setting></detail_setting><module_name></module_name><module_type></module_type><module_directory></module_directory><default_skin_no></default_skin_no><detail_xml></detail_xml><skin_directory></skin_directory><skin_options></skin_options><parent_name_en></parent_name_en></menu><menu><id>24</id><plugin_no></plugin_no><skin_no></skin_no><board_name></board_name><board_name_en></board_name_en><board_perm></board_perm><category_word></category_word><top_use></top_use><bottom_use></bottom_use><header_html></header_html><footer_html></footer_html><header></header><footer></footer><board_detail_setting></board_detail_setting><load_config></load_config><admin_no>21</admin_no><name>회원</name><name_en>members</name_en><contents></contents><connect_type></connect_type><connect_type_contents></connect_type_contents><connect_html></connect_html><connect_link></connect_link><connect_plugin_no>0</connect_plugin_no><connect_board_no>0</connect_board_no><connect_layout_type>SM_NO</connect_layout_type><connect_layout>30</connect_layout><enable>Y</enable><permission>1</permission><detail_setting></detail_setting><module_name></module_name><module_type></module_type><module_directory></module_directory><default_skin_no></default_skin_no><detail_xml></detail_xml><skin_directory></skin_directory><skin_options></skin_options><parent_name_en></parent_name_en></menu><menu><id>25</id><plugin_no></plugin_no><skin_no></skin_no><board_name></board_name><board_name_en></board_name_en><board_perm></board_perm><category_word></category_word><top_use></top_use><bottom_use></bottom_use><header_html></header_html><footer_html></footer_html><header></header><footer></footer><board_detail_setting></board_detail_setting><load_config></load_config><admin_no>21</admin_no><name>로그인</name><name_en>login</name_en><contents></contents><connect_type>P</connect_type><connect_type_contents></connect_type_contents><connect_html></connect_html><connect_link></connect_link><connect_plugin_no>42</connect_plugin_no><connect_board_no>0</connect_board_no><connect_layout_type>SS</connect_layout_type><connect_layout></connect_layout><enable>Y</enable><permission>1</permission><detail_setting></detail_setting><module_name>기본회원</module_name><module_type>plugin</module_type><module_directory>members</module_directory><default_skin_no>63</default_skin_no><detail_xml>a:15:{s:11:"module_name";s:12:"기본회원";s:6:"author";s:28:"양승현 alvajini@gmail.com";s:11:"description";s:23:"CMS 회원 플러그인";s:4:"icon";s:24:"include/images/thumb.jpg";s:4:"date";s:10:"2009.07.08";s:11:"is_frontend";s:1:"1";s:10:"is_backend";s:1:"1";s:12:"default_skin";s:7:"default";s:11:"controllers";a:1:{s:5:"admin";a:2:{s:4:"name";s:5:"admin";s:7:"methods";a:1:{i:0;s:11:"admin_setup";}}}s:7:"configs";a:17:{s:7:"user_id";a:2:{s:3:"use";s:1:"Y";s:7:"require";s:1:"Y";}s:8:"password";a:2:{s:3:"use";s:1:"Y";s:7:"require";s:1:"Y";}s:5:"jumin";a:2:{s:3:"use";s:0:"";s:7:"require";s:0:"";}s:4:"name";a:2:{s:3:"use";s:1:"Y";s:7:"require";s:1:"Y";}s:5:"email";a:2:{s:3:"use";s:1:"Y";s:7:"require";s:1:"Y";}s:3:"tel";a:2:{s:3:"use";s:1:"Y";s:7:"require";s:1:"Y";}s:2:"hp";a:2:{s:3:"use";s:1:"Y";s:7:"require";s:1:"Y";}s:8:"nickname";a:2:{s:3:"use";s:1:"Y";s:7:"require";s:1:"Y";}s:8:"homepage";a:2:{s:3:"use";s:1:"Y";s:7:"require";s:1:"Y";}s:13:"allow_mailing";a:2:{s:3:"use";s:1:"Y";s:7:"require";s:1:"Y";}s:13:"allow_message";a:2:{s:3:"use";s:1:"Y";s:7:"require";s:1:"Y";}s:8:"birthday";a:2:{s:3:"use";s:1:"Y";s:7:"require";s:1:"Y";}s:9:"signature";a:2:{s:3:"use";s:1:"Y";s:7:"require";s:1:"Y";}s:7:"address";a:2:{s:3:"use";s:1:"Y";s:7:"require";s:1:"Y";}s:11:"open_fields";a:2:{s:3:"use";s:1:"Y";s:7:"require";s:1:"Y";}s:7:"captcha";a:2:{s:3:"use";s:1:"Y";s:7:"require";s:1:"Y";}s:3:"sex";a:2:{s:3:"use";s:0:"";s:7:"require";s:0:"";}}s:11:"add_configs";a:1:{s:1:"a";a:4:{s:3:"use";b:0;s:7:"require";b:0;s:8:"kor_name";s:1:"a";s:4:"type";s:4:"text";}}s:11:"rest_config";s:3:"365";s:12:"leave_config";s:2:"15";s:7:"version";d:0.1000000000000000055511151231257827021181583404541015625;s:15:"controller_name";s:7:"members";}</detail_xml><skin_directory></skin_directory><skin_options></skin_options><parent_name_en>members</parent_name_en></menu><menu><id>27</id><plugin_no></plugin_no><skin_no></skin_no><board_name></board_name><board_name_en></board_name_en><board_perm></board_perm><category_word></category_word><top_use></top_use><bottom_use></bottom_use><header_html></header_html><footer_html></footer_html><header></header><footer></footer><board_detail_setting></board_detail_setting><load_config></load_config><admin_no>21</admin_no><name>회원정보 수정</name><name_en>members_modify</name_en><contents></contents><connect_type>P</connect_type><connect_type_contents></connect_type_contents><connect_html></connect_html><connect_link></connect_link><connect_plugin_no>42</connect_plugin_no><connect_board_no>0</connect_board_no><connect_layout_type>SS</connect_layout_type><connect_layout></connect_layout><enable>Y</enable><permission>1</permission><detail_setting></detail_setting><module_name>기본회원</module_name><module_type>plugin</module_type><module_directory>members</module_directory><default_skin_no>63</default_skin_no><detail_xml>a:15:{s:11:"module_name";s:12:"기본회원";s:6:"author";s:28:"양승현 alvajini@gmail.com";s:11:"description";s:23:"CMS 회원 플러그인";s:4:"icon";s:24:"include/images/thumb.jpg";s:4:"date";s:10:"2009.07.08";s:11:"is_frontend";s:1:"1";s:10:"is_backend";s:1:"1";s:12:"default_skin";s:7:"default";s:11:"controllers";a:1:{s:5:"admin";a:2:{s:4:"name";s:5:"admin";s:7:"methods";a:1:{i:0;s:11:"admin_setup";}}}s:7:"configs";a:17:{s:7:"user_id";a:2:{s:3:"use";s:1:"Y";s:7:"require";s:1:"Y";}s:8:"password";a:2:{s:3:"use";s:1:"Y";s:7:"require";s:1:"Y";}s:5:"jumin";a:2:{s:3:"use";s:0:"";s:7:"require";s:0:"";}s:4:"name";a:2:{s:3:"use";s:1:"Y";s:7:"require";s:1:"Y";}s:5:"email";a:2:{s:3:"use";s:1:"Y";s:7:"require";s:1:"Y";}s:3:"tel";a:2:{s:3:"use";s:1:"Y";s:7:"require";s:1:"Y";}s:2:"hp";a:2:{s:3:"use";s:1:"Y";s:7:"require";s:1:"Y";}s:8:"nickname";a:2:{s:3:"use";s:1:"Y";s:7:"require";s:1:"Y";}s:8:"homepage";a:2:{s:3:"use";s:1:"Y";s:7:"require";s:1:"Y";}s:13:"allow_mailing";a:2:{s:3:"use";s:1:"Y";s:7:"require";s:1:"Y";}s:13:"allow_message";a:2:{s:3:"use";s:1:"Y";s:7:"require";s:1:"Y";}s:8:"birthday";a:2:{s:3:"use";s:1:"Y";s:7:"require";s:1:"Y";}s:9:"signature";a:2:{s:3:"use";s:1:"Y";s:7:"require";s:1:"Y";}s:7:"address";a:2:{s:3:"use";s:1:"Y";s:7:"require";s:1:"Y";}s:11:"open_fields";a:2:{s:3:"use";s:1:"Y";s:7:"require";s:1:"Y";}s:7:"captcha";a:2:{s:3:"use";s:1:"Y";s:7:"require";s:1:"Y";}s:3:"sex";a:2:{s:3:"use";s:0:"";s:7:"require";s:0:"";}}s:11:"add_configs";a:1:{s:1:"a";a:4:{s:3:"use";b:0;s:7:"require";b:0;s:8:"kor_name";s:1:"a";s:4:"type";s:4:"text";}}s:11:"rest_config";s:3:"365";s:12:"leave_config";s:2:"15";s:7:"version";d:0.1000000000000000055511151231257827021181583404541015625;s:15:"controller_name";s:7:"members";}</detail_xml><skin_directory></skin_directory><skin_options></skin_options><parent_name_en>members</parent_name_en></menu><menu><id>28</id><plugin_no></plugin_no><skin_no></skin_no><board_name></board_name><board_name_en></board_name_en><board_perm></board_perm><category_word></category_word><top_use></top_use><bottom_use></bottom_use><header_html></header_html><footer_html></footer_html><header></header><footer></footer><board_detail_setting></board_detail_setting><load_config></load_config><admin_no>21</admin_no><name>이용약관</name><name_en>agreement</name_en><contents></contents><connect_type>H</connect_type><connect_type_contents></connect_type_contents><connect_html>a:4:{s:8:"img_size";N;s:10:"copy_check";N;s:11:"print_check";N;s:9:"file_name";s:13:"agreement.htm";}</connect_html><connect_link></connect_link><connect_plugin_no>0</connect_plugin_no><connect_board_no>0</connect_board_no><connect_layout_type>SS</connect_layout_type><connect_layout></connect_layout><enable>Y</enable><permission>1</permission><detail_setting></detail_setting><module_name></module_name><module_type></module_type><module_directory></module_directory><default_skin_no></default_skin_no><detail_xml></detail_xml><skin_directory></skin_directory><skin_options></skin_options><parent_name_en>members</parent_name_en></menu><menu><id>29</id><plugin_no></plugin_no><skin_no></skin_no><board_name></board_name><board_name_en></board_name_en><board_perm></board_perm><category_word></category_word><top_use></top_use><bottom_use></bottom_use><header_html></header_html><footer_html></footer_html><header></header><footer></footer><board_detail_setting></board_detail_setting><load_config></load_config><admin_no>21</admin_no><name>개인정보취급방침</name><name_en>privacy</name_en><contents></contents><connect_type>H</connect_type><connect_type_contents></connect_type_contents><connect_html>a:4:{s:8:"img_size";N;s:10:"copy_check";N;s:11:"print_check";N;s:9:"file_name";s:29:"html_28_82_20090907173318.htm";}</connect_html><connect_link></connect_link><connect_plugin_no>0</connect_plugin_no><connect_board_no>0</connect_board_no><connect_layout_type>SS</connect_layout_type><connect_layout></connect_layout><enable>Y</enable><permission>1</permission><detail_setting></detail_setting><module_name></module_name><module_type></module_type><module_directory></module_directory><default_skin_no></default_skin_no><detail_xml></detail_xml><skin_directory></skin_directory><skin_options></skin_options><parent_name_en>members</parent_name_en></menu><menu><id>47</id><plugin_no></plugin_no><skin_no></skin_no><board_name></board_name><board_name_en></board_name_en><board_perm></board_perm><category_word></category_word><top_use></top_use><bottom_use></bottom_use><header_html></header_html><footer_html></footer_html><header></header><footer></footer><board_detail_setting></board_detail_setting><load_config></load_config><admin_no>21</admin_no><name>New folder</name><name_en></name_en><contents></contents><connect_type></connect_type><connect_type_contents></connect_type_contents><connect_html></connect_html><connect_link></connect_link><connect_plugin_no>0</connect_plugin_no><connect_board_no>0</connect_board_no><connect_layout_type></connect_layout_type><connect_layout></connect_layout><enable>Y</enable><permission></permission><detail_setting></detail_setting><module_name></module_name><module_type></module_type><module_directory></module_directory><default_skin_no></default_skin_no><detail_xml></detail_xml><skin_directory></skin_directory><skin_options></skin_options><parent_name_en></parent_name_en></menu><menu><id>43</id><plugin_no></plugin_no><skin_no></skin_no><board_name></board_name><board_name_en></board_name_en><board_perm></board_perm><category_word></category_word><top_use></top_use><bottom_use></bottom_use><header_html></header_html><footer_html></footer_html><header></header><footer></footer><board_detail_setting></board_detail_setting><load_config></load_config><admin_no>21</admin_no><name>New folder</name><name_en></name_en><contents></contents><connect_type></connect_type><connect_type_contents></connect_type_contents><connect_html></connect_html><connect_link></connect_link><connect_plugin_no>0</connect_plugin_no><connect_board_no>0</connect_board_no><connect_layout_type></connect_layout_type><connect_layout></connect_layout><enable>Y</enable><permission></permission><detail_setting></detail_setting><module_name></module_name><module_type></module_type><module_directory></module_directory><default_skin_no></default_skin_no><detail_xml></detail_xml><skin_directory></skin_directory><skin_options></skin_options><parent_name_en></parent_name_en></menu><menu><id>52</id><plugin_no>43</plugin_no><skin_no>65</skin_no><board_name>솔루션개발</board_name><board_name_en>solution_develop-1</board_name_en><board_perm>1|1|1|1</board_perm><category_word></category_word><top_use></top_use><bottom_use></bottom_use><header_html></header_html><footer_html></footer_html><header></header><footer></footer><board_detail_setting>a:6:{s:8:"list_set";a:15:{s:12:"listview_cnt";s:2:"20";s:11:"subject_cnt";s:2:"30";s:8:"new_icon";s:1:"Y";s:8:"new_time";s:2:"24";s:14:"view_cnt_block";s:1:"Y";s:8:"view_cnt";s:3:"200";s:11:"recomm_icon";s:0:"";s:10:"recomm_cnt";s:0:"";s:12:"bubble_title";s:0:"";s:10:"bubble_cnt";s:0:"";s:14:"view_recommend";N;s:10:"view_count";s:1:"Y";s:11:"view_secret";N;s:11:"view_fixing";s:1:"Y";s:9:"view_move";N;}s:9:"write_set";a:8:{s:8:"img_size";s:3:"640";s:6:"c_file";s:1:"Y";s:5:"c_rss";N;s:9:"c_captcha";N;s:7:"c_popup";N;s:8:"c_author";N;s:8:"c_writer";N;s:5:"c_url";N;}s:8:"read_set";a:13:{s:13:"c_writer_icon";N;s:10:"c_reg_date";s:1:"Y";s:4:"c_ip";N;s:6:"c_font";N;s:7:"c_mouse";N;s:6:"c_ctrl";N;s:7:"c_scrap";N;s:7:"c_reply";s:1:"Y";s:19:"c_reply_writer_icon";N;s:16:"c_reply_reg_date";s:1:"Y";s:10:"c_reply_ip";N;s:15:"view_bottom_nav";s:1:"Y";s:3:"low";s:1:"D";}s:11:"summary_set";a:3:{s:12:"summary_word";N;s:16:"summary_word_use";N;s:6:"s_word";N;}s:11:"include_set";a:8:{s:8:"top_size";s:0:"";s:9:"top_width";s:0:"";s:10:"top_height";s:0:"";s:10:"topcontent";s:0:"";s:11:"bottom_size";s:0:"";s:12:"bottom_width";s:0:"";s:13:"bottom_height";s:0:"";s:14:"bottom_content";s:0:"";}s:14:"board_type_etc";a:4:{s:9:"adult_use";s:0:"";s:10:"adult_only";s:0:"";s:9:"album_use";s:0:"";s:10:"album_only";s:0:"";}}</board_detail_setting><load_config></load_config><admin_no>21</admin_no><name>인증관리</name><name_en>key_management</name_en><contents></contents><connect_type>L</connect_type><connect_type_contents>default</connect_type_contents><connect_html></connect_html><connect_link>auth_management</connect_link><connect_plugin_no>412</connect_plugin_no><connect_board_no>99</connect_board_no><connect_layout_type>SS</connect_layout_type><connect_layout></connect_layout><enable>Y</enable><permission>1</permission><detail_setting></detail_setting><module_name>테스트 플러그인</module_name><module_type>plugin</module_type><module_directory>test_plugin</module_directory><default_skin_no>770</default_skin_no><detail_xml>a:10:{s:11:"module_name";s:22:"테스트 플러그인";s:6:"author";s:27:"변종원 blumine@gmail.com";s:15:"controller_name";s:6:"test_p";s:11:"description";s:32:"교육용 테스트 플러그인";s:4:"date";s:10:"2010.01.05";s:11:"is_frontend";s:1:"1";s:10:"is_backend";s:1:"0";s:12:"default_skin";s:7:"default";s:7:"version";d:0.1000000000000000055511151231257827021181583404541015625;s:11:"controllers";a:0:{}}</detail_xml><skin_directory>default</skin_directory><skin_options>a:11:{s:4:"name";s:15:"리스트스킨";s:6:"author";s:9:"홍길동";s:4:"date";s:10:"2009.05.02";s:11:"description";s:30:"CMS 게시판 스킨입니다.";s:4:"icon";s:16:"images/thumb.jpg";s:9:"dependent";s:5:"board";s:8:"location";s:0:"";s:4:"type";s:5:"ss,se";s:5:"width";s:4:"1000";s:7:"version";d:1;s:11:"controllers";a:0:{}}</skin_options><parent_name_en>auth_center</parent_name_en></menu><menu><id>53</id><plugin_no>43</plugin_no><skin_no>7</skin_no><board_name>운영자게시판</board_name><board_name_en>admin_board-1</board_name_en><board_perm>33|33|33|33</board_perm><category_word></category_word><top_use></top_use><bottom_use></bottom_use><header_html></header_html><footer_html></footer_html><header></header><footer></footer><board_detail_setting>a:4:{s:8:"list_set";a:15:{s:12:"listview_cnt";s:2:"20";s:11:"subject_cnt";s:2:"30";s:8:"new_icon";s:1:"Y";s:8:"new_time";s:2:"24";s:14:"view_cnt_block";s:1:"Y";s:8:"view_cnt";s:3:"200";s:11:"recomm_icon";s:0:"";s:10:"recomm_cnt";s:0:"";s:12:"bubble_title";s:0:"";s:10:"bubble_cnt";s:0:"";s:14:"view_recommend";N;s:10:"view_count";s:1:"Y";s:11:"view_secret";N;s:11:"view_fixing";s:1:"Y";s:9:"view_move";N;}s:9:"write_set";a:8:{s:8:"img_size";s:3:"600";s:6:"c_file";s:1:"Y";s:5:"c_rss";s:1:"N";s:9:"c_captcha";s:1:"N";s:7:"c_popup";N;s:8:"c_author";s:1:"N";s:8:"c_writer";s:1:"N";s:5:"c_url";s:1:"N";}s:8:"read_set";a:13:{s:13:"c_writer_icon";s:1:"N";s:10:"c_reg_date";s:1:"Y";s:4:"c_ip";s:1:"N";s:6:"c_font";s:1:"N";s:7:"c_mouse";s:1:"N";s:6:"c_ctrl";s:1:"N";s:7:"c_scrap";s:1:"N";s:7:"c_reply";s:1:"Y";s:19:"c_reply_writer_icon";s:1:"N";s:16:"c_reply_reg_date";s:1:"Y";s:10:"c_reply_ip";s:1:"N";s:15:"view_bottom_nav";s:1:"Y";s:3:"low";s:1:"D";}s:11:"summary_set";a:3:{s:12:"summary_word";N;s:16:"summary_word_use";N;s:6:"s_word";N;}}</board_detail_setting><load_config></load_config><admin_no>21</admin_no><name>운영자게시판</name><name_en>admin_board</name_en><contents></contents><connect_type>B</connect_type><connect_type_contents>default</connect_type_contents><connect_html></connect_html><connect_link></connect_link><connect_plugin_no>43</connect_plugin_no><connect_board_no>12</connect_board_no><connect_layout_type>SS</connect_layout_type><connect_layout></connect_layout><enable>Y</enable><permission></permission><detail_setting></detail_setting><module_name>기본게시판</module_name><module_type>plugin</module_type><module_directory>board</module_directory><default_skin_no>65</default_skin_no><detail_xml>a:11:{s:11:"module_name";s:15:"기본게시판";s:6:"author";s:29:"홍길동애비 papa@hong.com";s:11:"description";s:20:"CMS 기본 게시판";s:4:"icon";s:24:"include/images/thumb.jpg";s:4:"date";s:10:"2009.05.02";s:11:"is_frontend";s:1:"1";s:10:"is_backend";s:1:"0";s:12:"default_skin";s:7:"default";s:11:"controllers";a:1:{s:7:"general";a:2:{s:4:"name";s:7:"general";s:7:"methods";a:6:{i:0;s:5:"index";i:1;s:4:"list";i:2;s:4:"edit";i:3;s:6:"delete";i:4;s:4:"view";i:5;s:5:"write";}}}s:7:"version";d:0.200000000000000011102230246251565404236316680908203125;s:15:"controller_name";s:5:"board";}</detail_xml><skin_directory></skin_directory><skin_options></skin_options><parent_name_en></parent_name_en></menu><menu><id>340</id><plugin_no>43</plugin_no><skin_no>65</skin_no><board_name>FAQ</board_name><board_name_en>faq-1</board_name_en><board_perm>1|1|1|1</board_perm><category_word></category_word><top_use></top_use><bottom_use></bottom_use><header_html></header_html><footer_html></footer_html><header></header><footer></footer><board_detail_setting>a:6:{s:8:"list_set";a:15:{s:12:"listview_cnt";s:2:"20";s:11:"subject_cnt";s:2:"30";s:8:"new_icon";s:1:"Y";s:8:"new_time";s:2:"24";s:14:"view_cnt_block";s:1:"Y";s:8:"view_cnt";s:3:"200";s:11:"recomm_icon";s:0:"";s:10:"recomm_cnt";s:0:"";s:12:"bubble_title";s:0:"";s:10:"bubble_cnt";s:0:"";s:14:"view_recommend";N;s:10:"view_count";s:1:"Y";s:11:"view_secret";N;s:11:"view_fixing";s:1:"Y";s:9:"view_move";N;}s:9:"write_set";a:8:{s:8:"img_size";s:3:"640";s:6:"c_file";s:1:"Y";s:5:"c_rss";N;s:9:"c_captcha";N;s:7:"c_popup";N;s:8:"c_author";N;s:8:"c_writer";N;s:5:"c_url";N;}s:8:"read_set";a:13:{s:13:"c_writer_icon";N;s:10:"c_reg_date";s:1:"Y";s:4:"c_ip";N;s:6:"c_font";N;s:7:"c_mouse";N;s:6:"c_ctrl";N;s:7:"c_scrap";N;s:7:"c_reply";s:1:"Y";s:19:"c_reply_writer_icon";N;s:16:"c_reply_reg_date";s:1:"Y";s:10:"c_reply_ip";N;s:15:"view_bottom_nav";s:1:"Y";s:3:"low";s:1:"D";}s:11:"summary_set";a:3:{s:12:"summary_word";N;s:16:"summary_word_use";N;s:6:"s_word";N;}s:11:"include_set";a:8:{s:8:"top_size";s:0:"";s:9:"top_width";s:0:"";s:10:"top_height";s:0:"";s:10:"topcontent";s:0:"";s:11:"bottom_size";s:0:"";s:12:"bottom_width";s:0:"";s:13:"bottom_height";s:0:"";s:14:"bottom_content";s:0:"";}s:14:"board_type_etc";a:4:{s:9:"adult_use";s:0:"";s:10:"adult_only";s:0:"";s:9:"album_use";s:0:"";s:10:"album_only";s:0:"";}}</board_detail_setting><load_config></load_config><admin_no>21</admin_no><name>FAQ</name><name_en>faq</name_en><contents></contents><connect_type>B</connect_type><connect_type_contents>default</connect_type_contents><connect_html>a:4:{s:8:"img_size";s:3:"640";s:10:"copy_check";N;s:11:"print_check";N;s:9:"file_name";s:30:"html_340_30_20091126154331.htm";}</connect_html><connect_link></connect_link><connect_plugin_no>43</connect_plugin_no><connect_board_no>108</connect_board_no><connect_layout_type>SS</connect_layout_type><connect_layout></connect_layout><enable>Y</enable><permission>1</permission><detail_setting></detail_setting><module_name>기본게시판</module_name><module_type>plugin</module_type><module_directory>board</module_directory><default_skin_no>65</default_skin_no><detail_xml>a:11:{s:11:"module_name";s:15:"기본게시판";s:6:"author";s:29:"홍길동애비 papa@hong.com";s:11:"description";s:20:"CMS 기본 게시판";s:4:"icon";s:24:"include/images/thumb.jpg";s:4:"date";s:10:"2009.05.02";s:11:"is_frontend";s:1:"1";s:10:"is_backend";s:1:"0";s:12:"default_skin";s:7:"default";s:11:"controllers";a:1:{s:7:"general";a:2:{s:4:"name";s:7:"general";s:7:"methods";a:6:{i:0;s:5:"index";i:1;s:4:"list";i:2;s:4:"edit";i:3;s:6:"delete";i:4;s:4:"view";i:5;s:5:"write";}}}s:7:"version";d:0.200000000000000011102230246251565404236316680908203125;s:15:"controller_name";s:5:"board";}</detail_xml><skin_directory>default</skin_directory><skin_options>a:11:{s:4:"name";s:15:"리스트스킨";s:6:"author";s:9:"홍길동";s:4:"date";s:10:"2009.05.02";s:11:"description";s:30:"CMS 게시판 스킨입니다.";s:4:"icon";s:16:"images/thumb.jpg";s:9:"dependent";s:5:"board";s:8:"location";s:0:"";s:4:"type";s:5:"ss,se";s:5:"width";s:4:"1000";s:7:"version";d:1;s:11:"controllers";a:0:{}}</skin_options><parent_name_en>information</parent_name_en></menu><menu><id>355</id><plugin_no>43</plugin_no><skin_no>65</skin_no><board_name>질문/답변</board_name><board_name_en>qna-1</board_name_en><board_perm>1|1|1|1</board_perm><category_word></category_word><top_use></top_use><bottom_use></bottom_use><header_html></header_html><footer_html></footer_html><header></header><footer></footer><board_detail_setting>a:4:{s:8:"list_set";a:15:{s:12:"listview_cnt";s:2:"20";s:11:"subject_cnt";s:2:"30";s:8:"new_icon";s:1:"Y";s:8:"new_time";s:2:"24";s:14:"view_cnt_block";s:1:"Y";s:8:"view_cnt";s:3:"200";s:11:"recomm_icon";s:0:"";s:10:"recomm_cnt";s:0:"";s:12:"bubble_title";s:0:"";s:10:"bubble_cnt";s:0:"";s:14:"view_recommend";N;s:10:"view_count";s:1:"Y";s:11:"view_secret";N;s:11:"view_fixing";s:1:"Y";s:9:"view_move";N;}s:9:"write_set";a:8:{s:8:"img_size";s:3:"600";s:6:"c_file";s:1:"Y";s:5:"c_rss";s:1:"N";s:9:"c_captcha";s:1:"N";s:7:"c_popup";N;s:8:"c_author";s:1:"N";s:8:"c_writer";s:1:"N";s:5:"c_url";s:1:"N";}s:8:"read_set";a:13:{s:13:"c_writer_icon";s:1:"N";s:10:"c_reg_date";s:1:"Y";s:4:"c_ip";s:1:"N";s:6:"c_font";s:1:"N";s:7:"c_mouse";s:1:"N";s:6:"c_ctrl";s:1:"N";s:7:"c_scrap";s:1:"N";s:7:"c_reply";s:1:"Y";s:19:"c_reply_writer_icon";s:1:"N";s:16:"c_reply_reg_date";s:1:"Y";s:10:"c_reply_ip";s:1:"N";s:15:"view_bottom_nav";s:1:"Y";s:3:"low";s:1:"D";}s:11:"summary_set";a:3:{s:12:"summary_word";N;s:16:"summary_word_use";N;s:6:"s_word";N;}}</board_detail_setting><load_config></load_config><admin_no>21</admin_no><name>질문/답변</name><name_en>qna</name_en><contents></contents><connect_type>B</connect_type><connect_type_contents>default</connect_type_contents><connect_html></connect_html><connect_link></connect_link><connect_plugin_no>43</connect_plugin_no><connect_board_no>109</connect_board_no><connect_layout_type>SS</connect_layout_type><connect_layout></connect_layout><enable>Y</enable><permission></permission><detail_setting></detail_setting><module_name>기본게시판</module_name><module_type>plugin</module_type><module_directory>board</module_directory><default_skin_no>65</default_skin_no><detail_xml>a:11:{s:11:"module_name";s:15:"기본게시판";s:6:"author";s:29:"홍길동애비 papa@hong.com";s:11:"description";s:20:"CMS 기본 게시판";s:4:"icon";s:24:"include/images/thumb.jpg";s:4:"date";s:10:"2009.05.02";s:11:"is_frontend";s:1:"1";s:10:"is_backend";s:1:"0";s:12:"default_skin";s:7:"default";s:11:"controllers";a:1:{s:7:"general";a:2:{s:4:"name";s:7:"general";s:7:"methods";a:6:{i:0;s:5:"index";i:1;s:4:"list";i:2;s:4:"edit";i:3;s:6:"delete";i:4;s:4:"view";i:5;s:5:"write";}}}s:7:"version";d:0.200000000000000011102230246251565404236316680908203125;s:15:"controller_name";s:5:"board";}</detail_xml><skin_directory>default</skin_directory><skin_options>a:11:{s:4:"name";s:15:"리스트스킨";s:6:"author";s:9:"홍길동";s:4:"date";s:10:"2009.05.02";s:11:"description";s:30:"CMS 게시판 스킨입니다.";s:4:"icon";s:16:"images/thumb.jpg";s:9:"dependent";s:5:"board";s:8:"location";s:0:"";s:4:"type";s:5:"ss,se";s:5:"width";s:4:"1000";s:7:"version";d:1;s:11:"controllers";a:0:{}}</skin_options><parent_name_en>information</parent_name_en></menu><menu><id>353</id><plugin_no></plugin_no><skin_no></skin_no><board_name></board_name><board_name_en></board_name_en><board_perm></board_perm><category_word></category_word><top_use></top_use><bottom_use></bottom_use><header_html></header_html><footer_html></footer_html><header></header><footer></footer><board_detail_setting></board_detail_setting><load_config></load_config><admin_no>21</admin_no><name>판매현황</name><name_en>sell_list</name_en><contents></contents><connect_type>L</connect_type><connect_type_contents></connect_type_contents><connect_html></connect_html><connect_link>sell_list</connect_link><connect_plugin_no>0</connect_plugin_no><connect_board_no>0</connect_board_no><connect_layout_type>SS</connect_layout_type><connect_layout></connect_layout><enable>Y</enable><permission>1</permission><detail_setting></detail_setting><module_name></module_name><module_type></module_type><module_directory></module_directory><default_skin_no></default_skin_no><detail_xml></detail_xml><skin_directory></skin_directory><skin_options></skin_options><parent_name_en>auth_center</parent_name_en></menu><menu><id>354</id><plugin_no>43</plugin_no><skin_no>66</skin_no><board_name>업로드</board_name><board_name_en>upload-1</board_name_en><board_perm>1|1|1|1</board_perm><category_word></category_word><top_use></top_use><bottom_use></bottom_use><header_html></header_html><footer_html></footer_html><header></header><footer></footer><board_detail_setting>a:4:{s:8:"list_set";a:15:{s:12:"listview_cnt";s:2:"20";s:11:"subject_cnt";s:2:"30";s:8:"new_icon";s:1:"Y";s:8:"new_time";s:2:"24";s:14:"view_cnt_block";s:1:"Y";s:8:"view_cnt";s:3:"200";s:11:"recomm_icon";s:0:"";s:10:"recomm_cnt";s:0:"";s:12:"bubble_title";s:0:"";s:10:"bubble_cnt";s:0:"";s:14:"view_recommend";N;s:10:"view_count";s:1:"Y";s:11:"view_secret";N;s:11:"view_fixing";s:1:"Y";s:9:"view_move";N;}s:9:"write_set";a:8:{s:8:"img_size";s:3:"600";s:6:"c_file";s:1:"Y";s:5:"c_rss";s:1:"N";s:9:"c_captcha";s:1:"N";s:7:"c_popup";N;s:8:"c_author";s:1:"N";s:8:"c_writer";s:1:"N";s:5:"c_url";s:1:"N";}s:8:"read_set";a:13:{s:13:"c_writer_icon";s:1:"N";s:10:"c_reg_date";s:1:"Y";s:4:"c_ip";s:1:"N";s:6:"c_font";s:1:"N";s:7:"c_mouse";s:1:"N";s:6:"c_ctrl";s:1:"N";s:7:"c_scrap";s:1:"N";s:7:"c_reply";s:1:"Y";s:19:"c_reply_writer_icon";s:1:"N";s:16:"c_reply_reg_date";s:1:"Y";s:10:"c_reply_ip";s:1:"N";s:15:"view_bottom_nav";s:1:"Y";s:3:"low";s:1:"D";}s:11:"summary_set";a:3:{s:12:"summary_word";N;s:16:"summary_word_use";N;s:6:"s_word";N;}}</board_detail_setting><load_config></load_config><admin_no>21</admin_no><name>업로드</name><name_en>upload</name_en><contents></contents><connect_type>B</connect_type><connect_type_contents>gallary</connect_type_contents><connect_html></connect_html><connect_link></connect_link><connect_plugin_no>43</connect_plugin_no><connect_board_no>106</connect_board_no><connect_layout_type>SS</connect_layout_type><connect_layout></connect_layout><enable>Y</enable><permission></permission><detail_setting></detail_setting><module_name>기본게시판</module_name><module_type>plugin</module_type><module_directory>board</module_directory><default_skin_no>65</default_skin_no><detail_xml>a:11:{s:11:"module_name";s:15:"기본게시판";s:6:"author";s:29:"홍길동애비 papa@hong.com";s:11:"description";s:20:"CMS 기본 게시판";s:4:"icon";s:24:"include/images/thumb.jpg";s:4:"date";s:10:"2009.05.02";s:11:"is_frontend";s:1:"1";s:10:"is_backend";s:1:"0";s:12:"default_skin";s:7:"default";s:11:"controllers";a:1:{s:7:"general";a:2:{s:4:"name";s:7:"general";s:7:"methods";a:6:{i:0;s:5:"index";i:1;s:4:"list";i:2;s:4:"edit";i:3;s:6:"delete";i:4;s:4:"view";i:5;s:5:"write";}}}s:7:"version";d:0.200000000000000011102230246251565404236316680908203125;s:15:"controller_name";s:5:"board";}</detail_xml><skin_directory>gallary</skin_directory><skin_options>a:11:{s:4:"name";s:15:"갤러리스킨";s:6:"author";s:9:"홍길동";s:4:"date";s:10:"2009.05.02";s:11:"description";s:39:"CMS 갤러리게시판 스킨입니다.";s:4:"icon";s:16:"images/thumb.jpg";s:9:"dependent";s:5:"board";s:8:"location";s:0:"";s:4:"type";s:5:"ss,se";s:5:"width";s:4:"1000";s:7:"version";d:1;s:11:"controllers";a:0:{}}</skin_options><parent_name_en>auth_center</parent_name_en></menu><menu><id>352</id><plugin_no>43</plugin_no><skin_no>65</skin_no><board_name>메뉴얼</board_name><board_name_en>manual-1</board_name_en><board_perm>1|1|1|1</board_perm><category_word></category_word><top_use></top_use><bottom_use></bottom_use><header_html></header_html><footer_html></footer_html><header></header><footer></footer><board_detail_setting>a:4:{s:8:"list_set";a:15:{s:12:"listview_cnt";s:2:"20";s:11:"subject_cnt";s:2:"30";s:8:"new_icon";s:1:"Y";s:8:"new_time";s:2:"24";s:14:"view_cnt_block";s:1:"Y";s:8:"view_cnt";s:3:"200";s:11:"recomm_icon";s:0:"";s:10:"recomm_cnt";s:0:"";s:12:"bubble_title";s:0:"";s:10:"bubble_cnt";s:0:"";s:14:"view_recommend";N;s:10:"view_count";s:1:"Y";s:11:"view_secret";N;s:11:"view_fixing";s:1:"Y";s:9:"view_move";N;}s:9:"write_set";a:8:{s:8:"img_size";s:3:"600";s:6:"c_file";s:1:"Y";s:5:"c_rss";s:1:"N";s:9:"c_captcha";s:1:"N";s:7:"c_popup";N;s:8:"c_author";s:1:"N";s:8:"c_writer";s:1:"N";s:5:"c_url";s:1:"N";}s:8:"read_set";a:13:{s:13:"c_writer_icon";s:1:"N";s:10:"c_reg_date";s:1:"Y";s:4:"c_ip";s:1:"N";s:6:"c_font";s:1:"N";s:7:"c_mouse";s:1:"N";s:6:"c_ctrl";s:1:"N";s:7:"c_scrap";s:1:"N";s:7:"c_reply";s:1:"Y";s:19:"c_reply_writer_icon";s:1:"N";s:16:"c_reply_reg_date";s:1:"Y";s:10:"c_reply_ip";s:1:"N";s:15:"view_bottom_nav";s:1:"Y";s:3:"low";s:1:"D";}s:11:"summary_set";a:3:{s:12:"summary_word";N;s:16:"summary_word_use";N;s:6:"s_word";N;}}</board_detail_setting><load_config></load_config><admin_no>21</admin_no><name>메뉴얼</name><name_en>manual</name_en><contents></contents><connect_type>B</connect_type><connect_type_contents>default</connect_type_contents><connect_html></connect_html><connect_link></connect_link><connect_plugin_no>43</connect_plugin_no><connect_board_no>105</connect_board_no><connect_layout_type>SS</connect_layout_type><connect_layout></connect_layout><enable>Y</enable><permission></permission><detail_setting></detail_setting><module_name>기본게시판</module_name><module_type>plugin</module_type><module_directory>board</module_directory><default_skin_no>65</default_skin_no><detail_xml>a:11:{s:11:"module_name";s:15:"기본게시판";s:6:"author";s:29:"홍길동애비 papa@hong.com";s:11:"description";s:20:"CMS 기본 게시판";s:4:"icon";s:24:"include/images/thumb.jpg";s:4:"date";s:10:"2009.05.02";s:11:"is_frontend";s:1:"1";s:10:"is_backend";s:1:"0";s:12:"default_skin";s:7:"default";s:11:"controllers";a:1:{s:7:"general";a:2:{s:4:"name";s:7:"general";s:7:"methods";a:6:{i:0;s:5:"index";i:1;s:4:"list";i:2;s:4:"edit";i:3;s:6:"delete";i:4;s:4:"view";i:5;s:5:"write";}}}s:7:"version";d:0.200000000000000011102230246251565404236316680908203125;s:15:"controller_name";s:5:"board";}</detail_xml><skin_directory>default</skin_directory><skin_options>a:11:{s:4:"name";s:15:"리스트스킨";s:6:"author";s:9:"홍길동";s:4:"date";s:10:"2009.05.02";s:11:"description";s:30:"CMS 게시판 스킨입니다.";s:4:"icon";s:16:"images/thumb.jpg";s:9:"dependent";s:5:"board";s:8:"location";s:0:"";s:4:"type";s:5:"ss,se";s:5:"width";s:4:"1000";s:7:"version";d:1;s:11:"controllers";a:0:{}}</skin_options><parent_name_en>download</parent_name_en></menu><menu><id>356</id><plugin_no>43</plugin_no><skin_no>65</skin_no><board_name>사이트이전</board_name><board_name_en>relocation-1</board_name_en><board_perm>1|1|1|1</board_perm><category_word></category_word><top_use></top_use><bottom_use></bottom_use><header_html></header_html><footer_html></footer_html><header></header><footer></footer><board_detail_setting>a:4:{s:8:"list_set";a:15:{s:12:"listview_cnt";s:2:"20";s:11:"subject_cnt";s:2:"30";s:8:"new_icon";s:1:"Y";s:8:"new_time";s:2:"24";s:14:"view_cnt_block";s:1:"Y";s:8:"view_cnt";s:3:"200";s:11:"recomm_icon";s:0:"";s:10:"recomm_cnt";s:0:"";s:12:"bubble_title";s:0:"";s:10:"bubble_cnt";s:0:"";s:14:"view_recommend";N;s:10:"view_count";s:1:"Y";s:11:"view_secret";N;s:11:"view_fixing";s:1:"Y";s:9:"view_move";N;}s:9:"write_set";a:8:{s:8:"img_size";s:3:"600";s:6:"c_file";s:1:"Y";s:5:"c_rss";s:1:"N";s:9:"c_captcha";s:1:"N";s:7:"c_popup";N;s:8:"c_author";s:1:"N";s:8:"c_writer";s:1:"N";s:5:"c_url";s:1:"N";}s:8:"read_set";a:13:{s:13:"c_writer_icon";s:1:"N";s:10:"c_reg_date";s:1:"Y";s:4:"c_ip";s:1:"N";s:6:"c_font";s:1:"N";s:7:"c_mouse";s:1:"N";s:6:"c_ctrl";s:1:"N";s:7:"c_scrap";s:1:"N";s:7:"c_reply";s:1:"Y";s:19:"c_reply_writer_icon";s:1:"N";s:16:"c_reply_reg_date";s:1:"Y";s:10:"c_reply_ip";s:1:"N";s:15:"view_bottom_nav";s:1:"Y";s:3:"low";s:1:"D";}s:11:"summary_set";a:3:{s:12:"summary_word";N;s:16:"summary_word_use";N;s:6:"s_word";N;}}</board_detail_setting><load_config></load_config><admin_no>21</admin_no><name>사이트이전</name><name_en>relocation</name_en><contents></contents><connect_type>B</connect_type><connect_type_contents>default</connect_type_contents><connect_html></connect_html><connect_link></connect_link><connect_plugin_no>43</connect_plugin_no><connect_board_no>110</connect_board_no><connect_layout_type>SS</connect_layout_type><connect_layout></connect_layout><enable>Y</enable><permission></permission><detail_setting></detail_setting><module_name>기본게시판</module_name><module_type>plugin</module_type><module_directory>board</module_directory><default_skin_no>65</default_skin_no><detail_xml>a:11:{s:11:"module_name";s:15:"기본게시판";s:6:"author";s:29:"홍길동애비 papa@hong.com";s:11:"description";s:20:"CMS 기본 게시판";s:4:"icon";s:24:"include/images/thumb.jpg";s:4:"date";s:10:"2009.05.02";s:11:"is_frontend";s:1:"1";s:10:"is_backend";s:1:"0";s:12:"default_skin";s:7:"default";s:11:"controllers";a:1:{s:7:"general";a:2:{s:4:"name";s:7:"general";s:7:"methods";a:6:{i:0;s:5:"index";i:1;s:4:"list";i:2;s:4:"edit";i:3;s:6:"delete";i:4;s:4:"view";i:5;s:5:"write";}}}s:7:"version";d:0.200000000000000011102230246251565404236316680908203125;s:15:"controller_name";s:5:"board";}</detail_xml><skin_directory>default</skin_directory><skin_options>a:11:{s:4:"name";s:15:"리스트스킨";s:6:"author";s:9:"홍길동";s:4:"date";s:10:"2009.05.02";s:11:"description";s:30:"CMS 게시판 스킨입니다.";s:4:"icon";s:16:"images/thumb.jpg";s:9:"dependent";s:5:"board";s:8:"location";s:0:"";s:4:"type";s:5:"ss,se";s:5:"width";s:4:"1000";s:7:"version";d:1;s:11:"controllers";a:0:{}}</skin_options><parent_name_en>information</parent_name_en></menu><menu><id>357</id><plugin_no></plugin_no><skin_no></skin_no><board_name></board_name><board_name_en></board_name_en><board_perm></board_perm><category_word></category_word><top_use></top_use><bottom_use></bottom_use><header_html></header_html><footer_html></footer_html><header></header><footer></footer><board_detail_setting></board_detail_setting><load_config></load_config><admin_no>21</admin_no><name>커뮤니티</name><name_en>community</name_en><contents></contents><connect_type></connect_type><connect_type_contents></connect_type_contents><connect_html></connect_html><connect_link></connect_link><connect_plugin_no>0</connect_plugin_no><connect_board_no>0</connect_board_no><connect_layout_type>SM_NO</connect_layout_type><connect_layout>359</connect_layout><enable>Y</enable><permission>1</permission><detail_setting></detail_setting><module_name></module_name><module_type></module_type><module_directory></module_directory><default_skin_no></default_skin_no><detail_xml></detail_xml><skin_directory></skin_directory><skin_options></skin_options><parent_name_en></parent_name_en></menu><menu><id>359</id><plugin_no>43</plugin_no><skin_no>67</skin_no><board_name>홈페이지자랑</board_name><board_name_en>com_boast_site-1</board_name_en><board_perm>1|1|1|1</board_perm><category_word></category_word><top_use></top_use><bottom_use></bottom_use><header_html></header_html><footer_html></footer_html><header></header><footer></footer><board_detail_setting>a:6:{s:8:"list_set";a:15:{s:12:"listview_cnt";s:2:"20";s:11:"subject_cnt";s:2:"30";s:8:"new_icon";s:1:"Y";s:8:"new_time";s:2:"24";s:14:"view_cnt_block";s:1:"Y";s:8:"view_cnt";s:3:"200";s:11:"recomm_icon";s:0:"";s:10:"recomm_cnt";s:0:"";s:12:"bubble_title";s:0:"";s:10:"bubble_cnt";s:0:"";s:14:"view_recommend";N;s:10:"view_count";s:1:"Y";s:11:"view_secret";N;s:11:"view_fixing";s:1:"Y";s:9:"view_move";N;}s:9:"write_set";a:8:{s:8:"img_size";s:3:"640";s:6:"c_file";s:1:"Y";s:5:"c_rss";N;s:9:"c_captcha";N;s:7:"c_popup";N;s:8:"c_author";N;s:8:"c_writer";N;s:5:"c_url";N;}s:8:"read_set";a:13:{s:13:"c_writer_icon";N;s:10:"c_reg_date";s:1:"Y";s:4:"c_ip";N;s:6:"c_font";N;s:7:"c_mouse";N;s:6:"c_ctrl";N;s:7:"c_scrap";N;s:7:"c_reply";s:1:"Y";s:19:"c_reply_writer_icon";N;s:16:"c_reply_reg_date";s:1:"Y";s:10:"c_reply_ip";N;s:15:"view_bottom_nav";s:1:"Y";s:3:"low";s:1:"D";}s:11:"summary_set";a:3:{s:12:"summary_word";N;s:16:"summary_word_use";N;s:6:"s_word";N;}s:11:"include_set";a:8:{s:8:"top_size";s:0:"";s:9:"top_width";s:0:"";s:10:"top_height";s:0:"";s:10:"topcontent";s:0:"";s:11:"bottom_size";s:0:"";s:12:"bottom_width";s:0:"";s:13:"bottom_height";s:0:"";s:14:"bottom_content";s:0:"";}s:14:"board_type_etc";a:4:{s:9:"adult_use";s:0:"";s:10:"adult_only";s:0:"";s:9:"album_use";s:0:"";s:10:"album_only";s:0:"";}}</board_detail_setting><load_config></load_config><admin_no>21</admin_no><name>홈페이지자랑</name><name_en>com_boast_site</name_en><contents></contents><connect_type>B</connect_type><connect_type_contents>webzine</connect_type_contents><connect_html></connect_html><connect_link></connect_link><connect_plugin_no>43</connect_plugin_no><connect_board_no>113</connect_board_no><connect_layout_type>SS</connect_layout_type><connect_layout></connect_layout><enable>Y</enable><permission></permission><detail_setting></detail_setting><module_name>기본게시판</module_name><module_type>plugin</module_type><module_directory>board</module_directory><default_skin_no>65</default_skin_no><detail_xml>a:11:{s:11:"module_name";s:15:"기본게시판";s:6:"author";s:29:"홍길동애비 papa@hong.com";s:11:"description";s:20:"CMS 기본 게시판";s:4:"icon";s:24:"include/images/thumb.jpg";s:4:"date";s:10:"2009.05.02";s:11:"is_frontend";s:1:"1";s:10:"is_backend";s:1:"0";s:12:"default_skin";s:7:"default";s:11:"controllers";a:1:{s:7:"general";a:2:{s:4:"name";s:7:"general";s:7:"methods";a:6:{i:0;s:5:"index";i:1;s:4:"list";i:2;s:4:"edit";i:3;s:6:"delete";i:4;s:4:"view";i:5;s:5:"write";}}}s:7:"version";d:0.200000000000000011102230246251565404236316680908203125;s:15:"controller_name";s:5:"board";}</detail_xml><skin_directory>webzine</skin_directory><skin_options>a:11:{s:4:"name";s:15:"갤러리스킨";s:6:"author";s:9:"홍길동";s:4:"date";s:10:"2009.05.02";s:11:"description";s:37:"CMS 웹진 게시판 스킨입니다.";s:4:"icon";s:16:"images/thumb.jpg";s:9:"dependent";s:5:"board";s:8:"location";s:0:"";s:4:"type";s:5:"ss,se";s:5:"width";s:4:"1000";s:7:"version";d:1;s:11:"controllers";a:0:{}}</skin_options><parent_name_en>community</parent_name_en></menu><menu><id>366</id><plugin_no>43</plugin_no><skin_no>65</skin_no><board_name>사용기</board_name><board_name_en>com_evaluation-1</board_name_en><board_perm>1|1|1|1</board_perm><category_word></category_word><top_use></top_use><bottom_use></bottom_use><header_html></header_html><footer_html></footer_html><header></header><footer></footer><board_detail_setting>a:4:{s:8:"list_set";a:15:{s:12:"listview_cnt";s:2:"20";s:11:"subject_cnt";s:2:"30";s:8:"new_icon";s:1:"Y";s:8:"new_time";s:2:"24";s:14:"view_cnt_block";s:1:"Y";s:8:"view_cnt";s:3:"200";s:11:"recomm_icon";s:0:"";s:10:"recomm_cnt";s:0:"";s:12:"bubble_title";s:0:"";s:10:"bubble_cnt";s:0:"";s:14:"view_recommend";N;s:10:"view_count";s:1:"Y";s:11:"view_secret";N;s:11:"view_fixing";s:1:"Y";s:9:"view_move";N;}s:9:"write_set";a:8:{s:8:"img_size";s:3:"600";s:6:"c_file";s:1:"Y";s:5:"c_rss";s:1:"N";s:9:"c_captcha";s:1:"N";s:7:"c_popup";N;s:8:"c_author";s:1:"N";s:8:"c_writer";s:1:"N";s:5:"c_url";s:1:"N";}s:8:"read_set";a:13:{s:13:"c_writer_icon";s:1:"N";s:10:"c_reg_date";s:1:"Y";s:4:"c_ip";s:1:"N";s:6:"c_font";s:1:"N";s:7:"c_mouse";s:1:"N";s:6:"c_ctrl";s:1:"N";s:7:"c_scrap";s:1:"N";s:7:"c_reply";s:1:"Y";s:19:"c_reply_writer_icon";s:1:"N";s:16:"c_reply_reg_date";s:1:"Y";s:10:"c_reply_ip";s:1:"N";s:15:"view_bottom_nav";s:1:"Y";s:3:"low";s:1:"D";}s:11:"summary_set";a:3:{s:12:"summary_word";N;s:16:"summary_word_use";N;s:6:"s_word";N;}}</board_detail_setting><load_config></load_config><admin_no>21</admin_no><name>사용기</name><name_en>com_evaluation</name_en><contents></contents><connect_type>B</connect_type><connect_type_contents>default</connect_type_contents><connect_html></connect_html><connect_link></connect_link><connect_plugin_no>43</connect_plugin_no><connect_board_no>111</connect_board_no><connect_layout_type>SS</connect_layout_type><connect_layout></connect_layout><enable>Y</enable><permission></permission><detail_setting></detail_setting><module_name>기본게시판</module_name><module_type>plugin</module_type><module_directory>board</module_directory><default_skin_no>65</default_skin_no><detail_xml>a:11:{s:11:"module_name";s:15:"기본게시판";s:6:"author";s:29:"홍길동애비 papa@hong.com";s:11:"description";s:20:"CMS 기본 게시판";s:4:"icon";s:24:"include/images/thumb.jpg";s:4:"date";s:10:"2009.05.02";s:11:"is_frontend";s:1:"1";s:10:"is_backend";s:1:"0";s:12:"default_skin";s:7:"default";s:11:"controllers";a:1:{s:7:"general";a:2:{s:4:"name";s:7:"general";s:7:"methods";a:6:{i:0;s:5:"index";i:1;s:4:"list";i:2;s:4:"edit";i:3;s:6:"delete";i:4;s:4:"view";i:5;s:5:"write";}}}s:7:"version";d:0.200000000000000011102230246251565404236316680908203125;s:15:"controller_name";s:5:"board";}</detail_xml><skin_directory>default</skin_directory><skin_options>a:11:{s:4:"name";s:15:"리스트스킨";s:6:"author";s:9:"홍길동";s:4:"date";s:10:"2009.05.02";s:11:"description";s:30:"CMS 게시판 스킨입니다.";s:4:"icon";s:16:"images/thumb.jpg";s:9:"dependent";s:5:"board";s:8:"location";s:0:"";s:4:"type";s:5:"ss,se";s:5:"width";s:4:"1000";s:7:"version";d:1;s:11:"controllers";a:0:{}}</skin_options><parent_name_en>community</parent_name_en></menu><menu><id>367</id><plugin_no>43</plugin_no><skin_no>65</skin_no><board_name>팁공유</board_name><board_name_en>com_tip-1</board_name_en><board_perm>1|1|1|1</board_perm><category_word></category_word><top_use></top_use><bottom_use></bottom_use><header_html></header_html><footer_html></footer_html><header></header><footer></footer><board_detail_setting>a:4:{s:8:"list_set";a:15:{s:12:"listview_cnt";s:2:"20";s:11:"subject_cnt";s:2:"30";s:8:"new_icon";s:1:"Y";s:8:"new_time";s:2:"24";s:14:"view_cnt_block";s:1:"Y";s:8:"view_cnt";s:3:"200";s:11:"recomm_icon";s:0:"";s:10:"recomm_cnt";s:0:"";s:12:"bubble_title";s:0:"";s:10:"bubble_cnt";s:0:"";s:14:"view_recommend";N;s:10:"view_count";s:1:"Y";s:11:"view_secret";N;s:11:"view_fixing";s:1:"Y";s:9:"view_move";N;}s:9:"write_set";a:8:{s:8:"img_size";s:3:"600";s:6:"c_file";s:1:"Y";s:5:"c_rss";s:1:"N";s:9:"c_captcha";s:1:"N";s:7:"c_popup";N;s:8:"c_author";s:1:"N";s:8:"c_writer";s:1:"N";s:5:"c_url";s:1:"N";}s:8:"read_set";a:13:{s:13:"c_writer_icon";s:1:"N";s:10:"c_reg_date";s:1:"Y";s:4:"c_ip";s:1:"N";s:6:"c_font";s:1:"N";s:7:"c_mouse";s:1:"N";s:6:"c_ctrl";s:1:"N";s:7:"c_scrap";s:1:"N";s:7:"c_reply";s:1:"Y";s:19:"c_reply_writer_icon";s:1:"N";s:16:"c_reply_reg_date";s:1:"Y";s:10:"c_reply_ip";s:1:"N";s:15:"view_bottom_nav";s:1:"Y";s:3:"low";s:1:"D";}s:11:"summary_set";a:3:{s:12:"summary_word";N;s:16:"summary_word_use";N;s:6:"s_word";N;}}</board_detail_setting><load_config></load_config><admin_no>21</admin_no><name>팁공유</name><name_en>com_tip</name_en><contents></contents><connect_type>B</connect_type><connect_type_contents>default</connect_type_contents><connect_html></connect_html><connect_link></connect_link><connect_plugin_no>43</connect_plugin_no><connect_board_no>114</connect_board_no><connect_layout_type>SS</connect_layout_type><connect_layout></connect_layout><enable>Y</enable><permission></permission><detail_setting></detail_setting><module_name>기본게시판</module_name><module_type>plugin</module_type><module_directory>board</module_directory><default_skin_no>65</default_skin_no><detail_xml>a:11:{s:11:"module_name";s:15:"기본게시판";s:6:"author";s:29:"홍길동애비 papa@hong.com";s:11:"description";s:20:"CMS 기본 게시판";s:4:"icon";s:24:"include/images/thumb.jpg";s:4:"date";s:10:"2009.05.02";s:11:"is_frontend";s:1:"1";s:10:"is_backend";s:1:"0";s:12:"default_skin";s:7:"default";s:11:"controllers";a:1:{s:7:"general";a:2:{s:4:"name";s:7:"general";s:7:"methods";a:6:{i:0;s:5:"index";i:1;s:4:"list";i:2;s:4:"edit";i:3;s:6:"delete";i:4;s:4:"view";i:5;s:5:"write";}}}s:7:"version";d:0.200000000000000011102230246251565404236316680908203125;s:15:"controller_name";s:5:"board";}</detail_xml><skin_directory>default</skin_directory><skin_options>a:11:{s:4:"name";s:15:"리스트스킨";s:6:"author";s:9:"홍길동";s:4:"date";s:10:"2009.05.02";s:11:"description";s:30:"CMS 게시판 스킨입니다.";s:4:"icon";s:16:"images/thumb.jpg";s:9:"dependent";s:5:"board";s:8:"location";s:0:"";s:4:"type";s:5:"ss,se";s:5:"width";s:4:"1000";s:7:"version";d:1;s:11:"controllers";a:0:{}}</skin_options><parent_name_en>community</parent_name_en></menu><menu><id>368</id><plugin_no>43</plugin_no><skin_no>65</skin_no><board_name>질문/답변</board_name><board_name_en>com_qna-1</board_name_en><board_perm>1|1|1|1</board_perm><category_word></category_word><top_use></top_use><bottom_use></bottom_use><header_html></header_html><footer_html></footer_html><header></header><footer></footer><board_detail_setting>a:4:{s:8:"list_set";a:15:{s:12:"listview_cnt";s:2:"20";s:11:"subject_cnt";s:2:"30";s:8:"new_icon";s:1:"Y";s:8:"new_time";s:2:"24";s:14:"view_cnt_block";s:1:"Y";s:8:"view_cnt";s:3:"200";s:11:"recomm_icon";s:0:"";s:10:"recomm_cnt";s:0:"";s:12:"bubble_title";s:0:"";s:10:"bubble_cnt";s:0:"";s:14:"view_recommend";N;s:10:"view_count";s:1:"Y";s:11:"view_secret";N;s:11:"view_fixing";s:1:"Y";s:9:"view_move";N;}s:9:"write_set";a:8:{s:8:"img_size";s:3:"600";s:6:"c_file";s:1:"Y";s:5:"c_rss";s:1:"N";s:9:"c_captcha";s:1:"N";s:7:"c_popup";N;s:8:"c_author";s:1:"N";s:8:"c_writer";s:1:"N";s:5:"c_url";s:1:"N";}s:8:"read_set";a:13:{s:13:"c_writer_icon";s:1:"N";s:10:"c_reg_date";s:1:"Y";s:4:"c_ip";s:1:"N";s:6:"c_font";s:1:"N";s:7:"c_mouse";s:1:"N";s:6:"c_ctrl";s:1:"N";s:7:"c_scrap";s:1:"N";s:7:"c_reply";s:1:"Y";s:19:"c_reply_writer_icon";s:1:"N";s:16:"c_reply_reg_date";s:1:"Y";s:10:"c_reply_ip";s:1:"N";s:15:"view_bottom_nav";s:1:"Y";s:3:"low";s:1:"D";}s:11:"summary_set";a:3:{s:12:"summary_word";N;s:16:"summary_word_use";N;s:6:"s_word";N;}}</board_detail_setting><load_config></load_config><admin_no>21</admin_no><name>질문/답변</name><name_en>com_qna</name_en><contents></contents><connect_type>B</connect_type><connect_type_contents>default</connect_type_contents><connect_html></connect_html><connect_link></connect_link><connect_plugin_no>43</connect_plugin_no><connect_board_no>115</connect_board_no><connect_layout_type>SS</connect_layout_type><connect_layout></connect_layout><enable>Y</enable><permission></permission><detail_setting></detail_setting><module_name>기본게시판</module_name><module_type>plugin</module_type><module_directory>board</module_directory><default_skin_no>65</default_skin_no><detail_xml>a:11:{s:11:"module_name";s:15:"기본게시판";s:6:"author";s:29:"홍길동애비 papa@hong.com";s:11:"description";s:20:"CMS 기본 게시판";s:4:"icon";s:24:"include/images/thumb.jpg";s:4:"date";s:10:"2009.05.02";s:11:"is_frontend";s:1:"1";s:10:"is_backend";s:1:"0";s:12:"default_skin";s:7:"default";s:11:"controllers";a:1:{s:7:"general";a:2:{s:4:"name";s:7:"general";s:7:"methods";a:6:{i:0;s:5:"index";i:1;s:4:"list";i:2;s:4:"edit";i:3;s:6:"delete";i:4;s:4:"view";i:5;s:5:"write";}}}s:7:"version";d:0.200000000000000011102230246251565404236316680908203125;s:15:"controller_name";s:5:"board";}</detail_xml><skin_directory>default</skin_directory><skin_options>a:11:{s:4:"name";s:15:"리스트스킨";s:6:"author";s:9:"홍길동";s:4:"date";s:10:"2009.05.02";s:11:"description";s:30:"CMS 게시판 스킨입니다.";s:4:"icon";s:16:"images/thumb.jpg";s:9:"dependent";s:5:"board";s:8:"location";s:0:"";s:4:"type";s:5:"ss,se";s:5:"width";s:4:"1000";s:7:"version";d:1;s:11:"controllers";a:0:{}}</skin_options><parent_name_en>community</parent_name_en></menu><menu><id>369</id><plugin_no>43</plugin_no><skin_no>65</skin_no><board_name>버그/아이디어 제안</board_name><board_name_en>com_proposal-1</board_name_en><board_perm>1|1|1|1</board_perm><category_word></category_word><top_use></top_use><bottom_use></bottom_use><header_html></header_html><footer_html></footer_html><header></header><footer></footer><board_detail_setting>a:4:{s:8:"list_set";a:15:{s:12:"listview_cnt";s:2:"20";s:11:"subject_cnt";s:2:"30";s:8:"new_icon";s:1:"Y";s:8:"new_time";s:2:"24";s:14:"view_cnt_block";s:1:"Y";s:8:"view_cnt";s:3:"200";s:11:"recomm_icon";s:0:"";s:10:"recomm_cnt";s:0:"";s:12:"bubble_title";s:0:"";s:10:"bubble_cnt";s:0:"";s:14:"view_recommend";N;s:10:"view_count";s:1:"Y";s:11:"view_secret";N;s:11:"view_fixing";s:1:"Y";s:9:"view_move";N;}s:9:"write_set";a:8:{s:8:"img_size";s:3:"600";s:6:"c_file";s:1:"Y";s:5:"c_rss";s:1:"N";s:9:"c_captcha";s:1:"N";s:7:"c_popup";N;s:8:"c_author";s:1:"N";s:8:"c_writer";s:1:"N";s:5:"c_url";s:1:"N";}s:8:"read_set";a:13:{s:13:"c_writer_icon";s:1:"N";s:10:"c_reg_date";s:1:"Y";s:4:"c_ip";s:1:"N";s:6:"c_font";s:1:"N";s:7:"c_mouse";s:1:"N";s:6:"c_ctrl";s:1:"N";s:7:"c_scrap";s:1:"N";s:7:"c_reply";s:1:"Y";s:19:"c_reply_writer_icon";s:1:"N";s:16:"c_reply_reg_date";s:1:"Y";s:10:"c_reply_ip";s:1:"N";s:15:"view_bottom_nav";s:1:"Y";s:3:"low";s:1:"D";}s:11:"summary_set";a:3:{s:12:"summary_word";N;s:16:"summary_word_use";N;s:6:"s_word";N;}}</board_detail_setting><load_config></load_config><admin_no>21</admin_no><name>버그/아이디어 제안</name><name_en>com_proposal</name_en><contents></contents><connect_type>B</connect_type><connect_type_contents>default</connect_type_contents><connect_html></connect_html><connect_link></connect_link><connect_plugin_no>43</connect_plugin_no><connect_board_no>116</connect_board_no><connect_layout_type>SS</connect_layout_type><connect_layout></connect_layout><enable>Y</enable><permission></permission><detail_setting></detail_setting><module_name>기본게시판</module_name><module_type>plugin</module_type><module_directory>board</module_directory><default_skin_no>65</default_skin_no><detail_xml>a:11:{s:11:"module_name";s:15:"기본게시판";s:6:"author";s:29:"홍길동애비 papa@hong.com";s:11:"description";s:20:"CMS 기본 게시판";s:4:"icon";s:24:"include/images/thumb.jpg";s:4:"date";s:10:"2009.05.02";s:11:"is_frontend";s:1:"1";s:10:"is_backend";s:1:"0";s:12:"default_skin";s:7:"default";s:11:"controllers";a:1:{s:7:"general";a:2:{s:4:"name";s:7:"general";s:7:"methods";a:6:{i:0;s:5:"index";i:1;s:4:"list";i:2;s:4:"edit";i:3;s:6:"delete";i:4;s:4:"view";i:5;s:5:"write";}}}s:7:"version";d:0.200000000000000011102230246251565404236316680908203125;s:15:"controller_name";s:5:"board";}</detail_xml><skin_directory>default</skin_directory><skin_options>a:11:{s:4:"name";s:15:"리스트스킨";s:6:"author";s:9:"홍길동";s:4:"date";s:10:"2009.05.02";s:11:"description";s:30:"CMS 게시판 스킨입니다.";s:4:"icon";s:16:"images/thumb.jpg";s:9:"dependent";s:5:"board";s:8:"location";s:0:"";s:4:"type";s:5:"ss,se";s:5:"width";s:4:"1000";s:7:"version";d:1;s:11:"controllers";a:0:{}}</skin_options><parent_name_en>community</parent_name_en></menu><menu><id>370</id><plugin_no>43</plugin_no><skin_no>65</skin_no><board_name>개발참여</board_name><board_name_en>com_w3team-1</board_name_en><board_perm>1|1|1|1</board_perm><category_word></category_word><top_use></top_use><bottom_use></bottom_use><header_html></header_html><footer_html></footer_html><header></header><footer></footer><board_detail_setting>a:4:{s:8:"list_set";a:15:{s:12:"listview_cnt";s:2:"20";s:11:"subject_cnt";s:2:"30";s:8:"new_icon";s:1:"Y";s:8:"new_time";s:2:"24";s:14:"view_cnt_block";s:1:"Y";s:8:"view_cnt";s:3:"200";s:11:"recomm_icon";s:0:"";s:10:"recomm_cnt";s:0:"";s:12:"bubble_title";s:0:"";s:10:"bubble_cnt";s:0:"";s:14:"view_recommend";N;s:10:"view_count";s:1:"Y";s:11:"view_secret";N;s:11:"view_fixing";s:1:"Y";s:9:"view_move";N;}s:9:"write_set";a:8:{s:8:"img_size";s:3:"600";s:6:"c_file";s:1:"Y";s:5:"c_rss";s:1:"N";s:9:"c_captcha";s:1:"N";s:7:"c_popup";N;s:8:"c_author";s:1:"N";s:8:"c_writer";s:1:"N";s:5:"c_url";s:1:"N";}s:8:"read_set";a:13:{s:13:"c_writer_icon";s:1:"N";s:10:"c_reg_date";s:1:"Y";s:4:"c_ip";s:1:"N";s:6:"c_font";s:1:"N";s:7:"c_mouse";s:1:"N";s:6:"c_ctrl";s:1:"N";s:7:"c_scrap";s:1:"N";s:7:"c_reply";s:1:"Y";s:19:"c_reply_writer_icon";s:1:"N";s:16:"c_reply_reg_date";s:1:"Y";s:10:"c_reply_ip";s:1:"N";s:15:"view_bottom_nav";s:1:"Y";s:3:"low";s:1:"D";}s:11:"summary_set";a:3:{s:12:"summary_word";N;s:16:"summary_word_use";N;s:6:"s_word";N;}}</board_detail_setting><load_config></load_config><admin_no>21</admin_no><name>개발참여</name><name_en>com_w3team</name_en><contents></contents><connect_type>B</connect_type><connect_type_contents>default</connect_type_contents><connect_html></connect_html><connect_link></connect_link><connect_plugin_no>43</connect_plugin_no><connect_board_no>117</connect_board_no><connect_layout_type>SS</connect_layout_type><connect_layout></connect_layout><enable>Y</enable><permission></permission><detail_setting></detail_setting><module_name>기본게시판</module_name><module_type>plugin</module_type><module_directory>board</module_directory><default_skin_no>65</default_skin_no><detail_xml>a:11:{s:11:"module_name";s:15:"기본게시판";s:6:"author";s:29:"홍길동애비 papa@hong.com";s:11:"description";s:20:"CMS 기본 게시판";s:4:"icon";s:24:"include/images/thumb.jpg";s:4:"date";s:10:"2009.05.02";s:11:"is_frontend";s:1:"1";s:10:"is_backend";s:1:"0";s:12:"default_skin";s:7:"default";s:11:"controllers";a:1:{s:7:"general";a:2:{s:4:"name";s:7:"general";s:7:"methods";a:6:{i:0;s:5:"index";i:1;s:4:"list";i:2;s:4:"edit";i:3;s:6:"delete";i:4;s:4:"view";i:5;s:5:"write";}}}s:7:"version";d:0.200000000000000011102230246251565404236316680908203125;s:15:"controller_name";s:5:"board";}</detail_xml><skin_directory>default</skin_directory><skin_options>a:11:{s:4:"name";s:15:"리스트스킨";s:6:"author";s:9:"홍길동";s:4:"date";s:10:"2009.05.02";s:11:"description";s:30:"CMS 게시판 스킨입니다.";s:4:"icon";s:16:"images/thumb.jpg";s:9:"dependent";s:5:"board";s:8:"location";s:0:"";s:4:"type";s:5:"ss,se";s:5:"width";s:4:"1000";s:7:"version";d:1;s:11:"controllers";a:0:{}}</skin_options><parent_name_en>community</parent_name_en></menu><menu><id>376</id><plugin_no>43</plugin_no><skin_no>65</skin_no><board_name>제작의뢰</board_name><board_name_en>com_request-1</board_name_en><board_perm>1|1|1|1</board_perm><category_word></category_word><top_use></top_use><bottom_use></bottom_use><header_html></header_html><footer_html></footer_html><header></header><footer></footer><board_detail_setting>a:4:{s:8:"list_set";a:15:{s:12:"listview_cnt";s:2:"20";s:11:"subject_cnt";s:2:"30";s:8:"new_icon";s:1:"Y";s:8:"new_time";s:2:"24";s:14:"view_cnt_block";s:1:"Y";s:8:"view_cnt";s:3:"200";s:11:"recomm_icon";s:0:"";s:10:"recomm_cnt";s:0:"";s:12:"bubble_title";s:0:"";s:10:"bubble_cnt";s:0:"";s:14:"view_recommend";N;s:10:"view_count";s:1:"Y";s:11:"view_secret";N;s:11:"view_fixing";s:1:"Y";s:9:"view_move";N;}s:9:"write_set";a:8:{s:8:"img_size";s:3:"600";s:6:"c_file";s:1:"Y";s:5:"c_rss";s:1:"N";s:9:"c_captcha";s:1:"N";s:7:"c_popup";N;s:8:"c_author";s:1:"N";s:8:"c_writer";s:1:"N";s:5:"c_url";s:1:"N";}s:8:"read_set";a:13:{s:13:"c_writer_icon";s:1:"N";s:10:"c_reg_date";s:1:"Y";s:4:"c_ip";s:1:"N";s:6:"c_font";s:1:"N";s:7:"c_mouse";s:1:"N";s:6:"c_ctrl";s:1:"N";s:7:"c_scrap";s:1:"N";s:7:"c_reply";s:1:"Y";s:19:"c_reply_writer_icon";s:1:"N";s:16:"c_reply_reg_date";s:1:"Y";s:10:"c_reply_ip";s:1:"N";s:15:"view_bottom_nav";s:1:"Y";s:3:"low";s:1:"D";}s:11:"summary_set";a:3:{s:12:"summary_word";N;s:16:"summary_word_use";N;s:6:"s_word";N;}}</board_detail_setting><load_config></load_config><admin_no>21</admin_no><name>제작의뢰</name><name_en>com_request</name_en><contents></contents><connect_type>B</connect_type><connect_type_contents>default</connect_type_contents><connect_html></connect_html><connect_link></connect_link><connect_plugin_no>43</connect_plugin_no><connect_board_no>121</connect_board_no><connect_layout_type>SS</connect_layout_type><connect_layout></connect_layout><enable>Y</enable><permission></permission><detail_setting></detail_setting><module_name>기본게시판</module_name><module_type>plugin</module_type><module_directory>board</module_directory><default_skin_no>65</default_skin_no><detail_xml>a:11:{s:11:"module_name";s:15:"기본게시판";s:6:"author";s:29:"홍길동애비 papa@hong.com";s:11:"description";s:20:"CMS 기본 게시판";s:4:"icon";s:24:"include/images/thumb.jpg";s:4:"date";s:10:"2009.05.02";s:11:"is_frontend";s:1:"1";s:10:"is_backend";s:1:"0";s:12:"default_skin";s:7:"default";s:11:"controllers";a:1:{s:7:"general";a:2:{s:4:"name";s:7:"general";s:7:"methods";a:6:{i:0;s:5:"index";i:1;s:4:"list";i:2;s:4:"edit";i:3;s:6:"delete";i:4;s:4:"view";i:5;s:5:"write";}}}s:7:"version";d:0.200000000000000011102230246251565404236316680908203125;s:15:"controller_name";s:5:"board";}</detail_xml><skin_directory>default</skin_directory><skin_options>a:11:{s:4:"name";s:15:"리스트스킨";s:6:"author";s:9:"홍길동";s:4:"date";s:10:"2009.05.02";s:11:"description";s:30:"CMS 게시판 스킨입니다.";s:4:"icon";s:16:"images/thumb.jpg";s:9:"dependent";s:5:"board";s:8:"location";s:0:"";s:4:"type";s:5:"ss,se";s:5:"width";s:4:"1000";s:7:"version";d:1;s:11:"controllers";a:0:{}}</skin_options><parent_name_en>community</parent_name_en></menu><menu><id>372</id><plugin_no>43</plugin_no><skin_no>65</skin_no><board_name>개발자 포럼</board_name><board_name_en>com_forum-1</board_name_en><board_perm>1|1|1|1</board_perm><category_word></category_word><top_use></top_use><bottom_use></bottom_use><header_html></header_html><footer_html></footer_html><header></header><footer></footer><board_detail_setting>a:4:{s:8:"list_set";a:15:{s:12:"listview_cnt";s:2:"20";s:11:"subject_cnt";s:2:"30";s:8:"new_icon";s:1:"Y";s:8:"new_time";s:2:"24";s:14:"view_cnt_block";s:1:"Y";s:8:"view_cnt";s:3:"200";s:11:"recomm_icon";s:0:"";s:10:"recomm_cnt";s:0:"";s:12:"bubble_title";s:0:"";s:10:"bubble_cnt";s:0:"";s:14:"view_recommend";N;s:10:"view_count";s:1:"Y";s:11:"view_secret";N;s:11:"view_fixing";s:1:"Y";s:9:"view_move";N;}s:9:"write_set";a:8:{s:8:"img_size";s:3:"600";s:6:"c_file";s:1:"Y";s:5:"c_rss";s:1:"N";s:9:"c_captcha";s:1:"N";s:7:"c_popup";N;s:8:"c_author";s:1:"N";s:8:"c_writer";s:1:"N";s:5:"c_url";s:1:"N";}s:8:"read_set";a:13:{s:13:"c_writer_icon";s:1:"N";s:10:"c_reg_date";s:1:"Y";s:4:"c_ip";s:1:"N";s:6:"c_font";s:1:"N";s:7:"c_mouse";s:1:"N";s:6:"c_ctrl";s:1:"N";s:7:"c_scrap";s:1:"N";s:7:"c_reply";s:1:"Y";s:19:"c_reply_writer_icon";s:1:"N";s:16:"c_reply_reg_date";s:1:"Y";s:10:"c_reply_ip";s:1:"N";s:15:"view_bottom_nav";s:1:"Y";s:3:"low";s:1:"D";}s:11:"summary_set";a:3:{s:12:"summary_word";N;s:16:"summary_word_use";N;s:6:"s_word";N;}}</board_detail_setting><load_config></load_config><admin_no>21</admin_no><name>개발자 포럼</name><name_en>com_forum</name_en><contents></contents><connect_type>B</connect_type><connect_type_contents>default</connect_type_contents><connect_html></connect_html><connect_link></connect_link><connect_plugin_no>43</connect_plugin_no><connect_board_no>119</connect_board_no><connect_layout_type>SS</connect_layout_type><connect_layout></connect_layout><enable>Y</enable><permission></permission><detail_setting></detail_setting><module_name>기본게시판</module_name><module_type>plugin</module_type><module_directory>board</module_directory><default_skin_no>65</default_skin_no><detail_xml>a:11:{s:11:"module_name";s:15:"기본게시판";s:6:"author";s:29:"홍길동애비 papa@hong.com";s:11:"description";s:20:"CMS 기본 게시판";s:4:"icon";s:24:"include/images/thumb.jpg";s:4:"date";s:10:"2009.05.02";s:11:"is_frontend";s:1:"1";s:10:"is_backend";s:1:"0";s:12:"default_skin";s:7:"default";s:11:"controllers";a:1:{s:7:"general";a:2:{s:4:"name";s:7:"general";s:7:"methods";a:6:{i:0;s:5:"index";i:1;s:4:"list";i:2;s:4:"edit";i:3;s:6:"delete";i:4;s:4:"view";i:5;s:5:"write";}}}s:7:"version";d:0.200000000000000011102230246251565404236316680908203125;s:15:"controller_name";s:5:"board";}</detail_xml><skin_directory>default</skin_directory><skin_options>a:11:{s:4:"name";s:15:"리스트스킨";s:6:"author";s:9:"홍길동";s:4:"date";s:10:"2009.05.02";s:11:"description";s:30:"CMS 게시판 스킨입니다.";s:4:"icon";s:16:"images/thumb.jpg";s:9:"dependent";s:5:"board";s:8:"location";s:0:"";s:4:"type";s:5:"ss,se";s:5:"width";s:4:"1000";s:7:"version";d:1;s:11:"controllers";a:0:{}}</skin_options><parent_name_en>community</parent_name_en></menu></menus>
